"Year","Election Date","Election Type","Votes Cast","Electoral District","Number of Candidates","Registered Voters","Voter Turnout","Rejected Ballots","Unmarked Ballots","Declined Ballots","Valid Ballots",
"2018","June 07, 2018","General Election","48860","001 - Ajax","7","90206","49281","99","152","170","48860",
"2018","June 07, 2018","General Election","29211","002 - Algoma—Manitoulin","6","55544","29481","114","65","91","29211",
"2018","June 07, 2018","General Election","44998","003 - Aurora—Oak Ridges—Richmond Hill","9","81979","45444","105","209","132","44998",
"2018","June 07, 2018","General Election","44272","004 - Barrie—Innisfil","8","82557","44806","121","143","270","44272",
"2018","June 07, 2018","General Election","45689","005 - Barrie—Springwater—Oro-Medonte","8","80951","46186","68","140","289","45689",
"2018","June 07, 2018","General Election","50442","006 - Bay of Quinte","7","90324","50996","116","151","287","50442",
"2018","June 07, 2018","General Election","49914","007 - Beaches—East York","11","82386","50384","128","193","149","49914",
"2018","June 07, 2018","General Election","33598","008 - Brampton Centre","7","67432","33949","112","150","89","33598",
"2018","June 07, 2018","General Election","38495","009 - Brampton East","6","75002","38751","106","124","26","38495",
"2018","June 07, 2018","General Election","39624","010 - Brampton North","5","77609","40031","85","204","118","39624",
"2018","June 07, 2018","General Election","38169","011 - Brampton South","7","77279","38598","100","201","128","38169",
"2018","June 07, 2018","General Election","37961","012 - Brampton West","6","80196","38229","99","112","57","37961",
"2018","June 07, 2018","General Election","58188","013 - Brantford—Brant","9","102861","58805","155","203","259","58188",
"2018","June 07, 2018","General Election","49128","014 - Bruce—Grey—Owen Sound","8","85044","49655","140","190","197","49128",
"2018","June 07, 2018","General Election","63055","015 - Burlington","7","100455","63737","155","251","276","63055",
"2018","June 07, 2018","General Election","48131","016 - Cambridge","5","88380","48762","123","185","323","48131",
"2018","June 07, 2018","General Election","50258","017 - Carleton","9","81901","50779","128","217","176","50258",
"2018","June 07, 2018","General Election","46373","018 - Chatham-Kent—Leamington","5","82799","47020","176","238","233","46373",
"2018","June 07, 2018","General Election","45819","019 - Davenport","9","82924","46289","159","228","83","45819",
"2018","June 07, 2018","General Election","36217","020 - Don Valley East","6","66192","36554","107","159","71","36217",
"2018","June 07, 2018","General Election","40607","021 - Don Valley North","6","76211","41010","135","166","102","40607",
"2018","June 07, 2018","General Election","45777","022 - Don Valley West","6","75391","46192","78","170","167","45777",
"2018","June 07, 2018","General Election","55956","023 - Dufferin—Caledon","7","99913","56518","128","256","178","55956",
"2018","June 07, 2018","General Election","60807","024 - Durham","5","102471","61416","93","175","341","60807",
"2018","June 07, 2018","General Election","49527","025 - Eglinton—Lawrence","6","83202","50011","168","167","149","49527",
"2018","June 07, 2018","General Election","52767","026 - Elgin—Middlesex—London","7","89636","53291","113","160","251","52767",
"2018","June 07, 2018","General Election","54503","027 - Essex","4","97773","54866","80","147","136","54503",
"2018","June 07, 2018","General Election","56825","028 - Etobicoke Centre","7","92715","57398","230","195","148","56825",
"2018","June 07, 2018","General Election","58993","029 - Etobicoke—Lakeshore","6","101606","59547","140","215","199","58993",
"2018","June 07, 2018","General Election","36306","030 - Etobicoke North","5","72580","36713","155","208","44","36306",
"2018","June 07, 2018","General Election","51588","031 - Flamborough—Glanbrook","7","86027","52119","113","205","213","51588",
"2018","June 07, 2018","General Election","48690","032 - Glengarry—Prescott—Russell","6","89035","49341","329","252","70","48690",
"2018","June 07, 2018","General Election","64577","033 - Guelph","8","106481","65082","139","170","196","64577",
"2018","June 07, 2018","General Election","50593","034 - Haldimand—Norfolk","9","86342","51117","86","170","268","50593",
"2018","June 07, 2018","General Election","57143","035 - Haliburton—Kawartha Lakes—Brock","7","96832","57769","133","216","277","57143",
"2018","June 07, 2018","General Election","36575","036 - Hamilton Centre","8","75672","37011","98","181","157","36575",
"2018","June 07, 2018","General Election","44020","037 - Hamilton East—Stoney Creek","7","84088","44617","172","280","145","44020",
"2018","June 07, 2018","General Election","44717","038 - Hamilton Mountain","6","80578","45255","130","230","178","44717",
"2018","June 07, 2018","General Election","55390","039 - Hamilton West—Ancaster—Dundas","7","89782","55895","112","221","172","55390",
"2018","June 07, 2018","General Election","44521","040 - Hastings—Lennox and Addington","6","76108","44982","163","136","162","44521",
"2018","June 07, 2018","General Election","30929","041 - Humber River—Black Creek","7","66289","31326","192","180","25","30929",
"2018","June 07, 2018","General Election","52802","042 - Huron—Bruce","6","84157","53448","122","240","284","52802",
"2018","June 07, 2018","General Election","53453","043 - Kanata—Carleton","7","86449","53871","86","164","168","53453",
"2018","June 07, 2018","General Election","20071","044 - Kenora—Rainy River","4","37442","20264","66","23","104","20071",
"2018","June 07, 2018","General Election","51461","045 - King—Vaughan","7","93503","51915","146","225","83","51461",
"2018","June 07, 2018","General Election","55644","046 - Kingston and the Islands","6","98020","56154","107","202","201","55644",
"2018","June 07, 2018","General Election","47280","047 - Kitchener Centre","7","82445","48037","122","197","438","47280",
"2018","June 07, 2018","General Election","42974","048 - Kitchener—Conestoga","6","73095","43805","119","141","571","42974",
"2018","June 07, 2018","General Election","42483","049 - Kitchener South—Hespeler","6","77296","43144","102","127","432","42483",
"2018","June 07, 2018","General Election","50424","050 - Lambton—Kent—Middlesex","6","83993","51046","146","269","207","50424",
"2018","June 07, 2018","General Election","50343","051 - Lanark—Frontenac—Kingston","6","81925","50816","151","149","173","50343",
"2018","June 07, 2018","General Election","48969","052 - Leeds—Grenville—Thousand Islands and Rideau Lakes","5","82511","49685","166","146","404","48969",
"2018","June 07, 2018","General Election","45391","053 - London—Fanshawe","7","92428","45894","96","193","214","45391",
"2018","June 07, 2018","General Election","54113","054 - London North Centre","7","99488","54668","137","169","249","54113",
"2018","June 07, 2018","General Election","58996","055 - London West","8","98749","59801","116","228","461","58996",
"2018","June 07, 2018","General Election","53846","056 - Markham—Stouffville","6","92442","54405","148","211","200","53846",
"2018","June 07, 2018","General Election","37548","057 - Markham—Thornhill","6","72583","37894","91","174","81","37548",
"2018","June 07, 2018","General Election","46940","058 - Markham—Unionville","6","86671","47445","97","279","129","46940",
"2018","June 07, 2018","General Election","43789","059 - Milton","6","78764","44192","65","175","163","43789",
"2018","June 07, 2018","General Election","43710","060 - Mississauga Centre","7","88762","44196","207","196","83","43710",
"2018","June 07, 2018","General Election","43405","061 - Mississauga East—Cooksville","7","85190","43852","160","183","104","43405",
"2018","June 07, 2018","General Election","47178","062 - Mississauga—Erin Mills","7","86321","47587","147","181","81","47178",
"2018","June 07, 2018","General Election","53199","063 - Mississauga—Lakeshore","7","90469","53673","126","208","140","53199",
"2018","June 07, 2018","General Election","37611","064 - Mississauga—Malton","7","78394","37923","123","142","47","37611",
"2018","June 07, 2018","General Election","47964","065 - Mississauga—Streetsville","6","87225","48432","97","182","189","47964",
"2018","June 07, 2018","General Election","52957","066 - Nepean","7","90987","53438","103","173","205","52957",
"2018","June 07, 2018","General Election","52013","067 - Newmarket—Aurora","9","89076","52531","166","165","187","52013",
"2018","June 07, 2018","General Election","48874","068 - Niagara Centre","8","88287","49554","186","267","227","48874",
"2018","June 07, 2018","General Election","59381","069 - Niagara Falls","6","110035","60032","157","250","244","59381",
"2018","June 07, 2018","General Election","46190","070 - Niagara West","6","73913","46769","82","168","329","46190",
"2018","June 07, 2018","General Election","36467","071 - Nickel Belt","8","66479","36842","125","145","105","36467",
"2018","June 07, 2018","General Election","35243","072 - Nipissing","6","61299","35703","120","206","134","35243",
"2018","June 07, 2018","General Election","60423","073 - Northumberland—Peterborough South","7","94504","61088","123","211","331","60423",
"2018","June 07, 2018","General Election","56871","074 - Oakville","5","92502","57781","81","647","182","56871",
"2018","June 07, 2018","General Election","55351","075 - Oakville North—Burlington","6","92512","55693","74","175","93","55351",
"2018","June 07, 2018","General Election","63950","076 - Orléans","6","102821","64539","155","229","205","63950",
"2018","June 07, 2018","General Election","54143","077 - Oshawa","6","100254","54719","125","220","231","54143",
"2018","June 07, 2018","General Election","64403","078 - Ottawa Centre","8","106208","65004","151","223","227","64403",
"2018","June 07, 2018","General Election","52416","079 - Ottawa South","6","93167","53027","164","282","165","52416",
"2018","June 07, 2018","General Election","47958","080 - Ottawa—Vanier","7","94298","48539","179","231","171","47958",
"2018","June 07, 2018","General Election","50545","081 - Ottawa West—Nepean","6","89575","51097","123","241","188","50545",
"2018","June 07, 2018","General Election","52311","082 - Oxford","8","89597","53082","160","280","331","52311",
"2018","June 07, 2018","General Election","54549","083 - Parkdale—High Park","6","88131","55023","105","174","195","54549",
"2018","June 07, 2018","General Election","47143","084 - Parry Sound—Muskoka","7","80180","47479","93","119","124","47143",
"2018","June 07, 2018","General Election","46843","085 - Perth—Wellington","8","78738","47516","109","172","392","46843",
"2018","June 07, 2018","General Election","60790","086 - Peterborough—Kawartha","6","98070","61534","177","251","316","60790",
"2018","June 07, 2018","General Election","53193","087 - Pickering—Uxbridge","9","91154","53687","98","185","211","53193",
"2018","June 07, 2018","General Election","48199","088 - Renfrew—Nipissing—Pembroke","6","81550","48716","128","164","225","48199",
"2018","June 07, 2018","General Election","43371","089 - Richmond Hill","5","83967","43815","81","211","152","43371",
"2018","June 07, 2018","General Election","51650","090 - St. Catharines","8","89924","52206","137","202","217","51650",
"2018","June 07, 2018","General Election","50830","091 - Sarnia—Lambton","7","84296","51327","111","167","219","50830",
"2018","June 07, 2018","General Election","32117","092 - Sault Ste. Marie","6","59545","32446","122","113","94","32117",
"2018","June 07, 2018","General Election","36871","093 - Scarborough—Agincourt","9","72558","37256","106","202","77","36871",
"2018","June 07, 2018","General Election","39704","094 - Scarborough Centre","6","75493","40151","187","191","69","39704",
"2018","June 07, 2018","General Election","35905","095 - Scarborough—Guildwood","9","68662","36342","204","137","96","35905",
"2018","June 07, 2018","General Election","34113","096 - Scarborough North","5","67775","34401","71","162","55","34113",
"2018","June 07, 2018","General Election","42015","097 - Scarborough—Rouge Park","6","76313","42387","147","141","84","42015",
"2018","June 07, 2018","General Election","43443","098 - Scarborough Southwest","8","78329","43894","161","192","98","43443",
"2018","June 07, 2018","General Election","60963","099 - Simcoe—Grey","5","108156","61738","110","262","403","60963",
"2018","June 07, 2018","General Election","53789","100 - Simcoe North","5","92450","54435","119","208","319","53789",
"2018","June 07, 2018","General Election","49731","101 - Spadina—Fort York","7","93622","50146","142","132","141","49731",
"2018","June 07, 2018","General Election","43538","102 - Stormont—Dundas—South Glengarry","5","81342","44009","151","141","179","43538",
"2018","June 07, 2018","General Election","36167","103 - Sudbury","8","67410","36549","151","132","99","36167",
"2018","June 07, 2018","General Election","47259","104 - Thornhill","7","84979","47724","146","175","144","47259",
"2018","June 07, 2018","General Election","32525","105 - Thunder Bay—Atikokan","6","59996","32842","97","121","99","32525",
"2018","June 07, 2018","General Election","30035","106 - Thunder Bay—Superior North","7","56277","30299","103","90","71","30035",
"2018","June 07, 2018","General Election","27461","107 - Timiskaming—Cochrane","6","52322","27775","109","121","84","27461",
"2018","June 07, 2018","General Election","15633","108 - Timmins","6","32867","15814","54","51","76","15633",
"2018","June 07, 2018","General Election","44148","109 - Toronto Centre","10","82044","44552","160","100","144","44148",
"2018","June 07, 2018","General Election","51269","110 - Toronto—Danforth","8","84072","51772","138","156","209","51269",
"2018","June 07, 2018","General Election","52402","111 - Toronto—St. Paul's","6","87216","52949","117","222","208","52402",
"2018","June 07, 2018","General Election","49412","112 - University—Rosedale","9","88097","49892","121","190","169","49412",
"2018","June 07, 2018","General Election","42946","113 - Vaughan—Woodbridge","5","77426","43324","124","192","62","42946",
"2018","June 07, 2018","General Election","54044","114 - Waterloo","5","88580","54739","95","158","442","54044",
"2018","June 07, 2018","General Election","58624","115 - Wellington—Halton Hills","5","96887","59210","96","196","294","58624",
"2018","June 07, 2018","General Election","57796","116 - Whitby","6","96879","58442","123","241","282","57796",
"2018","June 07, 2018","General Election","40646","117 - Willowdale","6","81313","41079","165","141","127","40646",
"2018","June 07, 2018","General Election","43183","118 - Windsor—Tecumseh","5","91269","43651","99","199","170","43183",
"2018","June 07, 2018","General Election","38899","119 - Windsor West","5","90698","39275","110","129","137","38899",
"2018","June 07, 2018","General Election","36761","120 - York Centre","7","70520","37317","242","195","119","36761",
"2018","June 07, 2018","General Election","45491","121 - York—Simcoe","6","83837","46044","114","209","230","45491",
"2018","June 07, 2018","General Election","37298","122 - York South—Weston","5","76772","37747","194","190","65","37298",
"2018","June 07, 2018","General Election","6477","123 - Kiiwetinoong","5","14326","6561","56","10","18","6477",
"2018","June 07, 2018","General Election","9324","124 - Mushkegowuk—James Bay","7","17435","9423","59","34","6","9324",
"2022","June 02, 2022","General Election","37687","001 - Ajax","8","94835","37896","120","74","15","37687",
"2022","June 02, 2022","General Election","24499","002 - Algoma—Manitoulin","6","58076","24663","116","39","9","24499",
"2022","June 02, 2022","General Election","32559","003 - Aurora—Oak Ridges—Richmond Hill","7","85709","32735","108","54","14","32559",
"2022","June 02, 2022","General Election","36272","004 - Barrie—Innisfil","8","92137","36500","105","70","53","36272",
"2022","June 02, 2022","General Election","39500","005 - Barrie—Springwater—Oro-Medonte","6","84950","39710","118","65","27","39500",
"2022","June 02, 2022","General Election","43366","006 - Bay of Quinte","6","94852","43545","80","60","39","43366",
"2022","June 02, 2022","General Election","40648","007 - Beaches—East York","9","82279","40791","71","39","33","40648",
"2022","June 02, 2022","General Election","24463","008 - Brampton Centre","5","67093","24602","75","47","17","24463",
"2022","June 02, 2022","General Election","29036","009 - Brampton East","6","80463","29249","73","79","61","29036",
"2022","June 02, 2022","General Election","30025","010 - Brampton North","6","78586","30228","81","106","16","30025",
"2022","June 02, 2022","General Election","28602","011 - Brampton South","6","80195","28714","47","46","19","28602",
"2022","June 02, 2022","General Election","30836","012 - Brampton West","6","90617","30983","40","84","23","30836",
"2022","June 02, 2022","General Election","46953","013 - Brantford—Brant","9","112204","47187","128","72","34","46953",
"2022","June 02, 2022","General Election","41811","014 - Bruce—Grey—Owen Sound","9","89703","42180","129","146","94","41811",
"2022","June 02, 2022","General Election","52520","015 - Burlington","6","102249","52789","131","94","44","52520",
"2022","June 02, 2022","General Election","39401","016 - Cambridge","5","91608","39591","84","60","46","39401",
"2022","June 02, 2022","General Election","46306","017 - Carleton","7","95232","46463","61","50","46","46306",
"2022","June 02, 2022","General Election","36870","018 - Chatham-Kent—Leamington","5","86769","38934","1791","150","123","36870",
"2022","June 02, 2022","General Election","35473","019 - Davenport","10","82547","35745","143","109","20","35473",
"2022","June 02, 2022","General Election","28076","020 - Don Valley East","10","66841","28323","87","138","22","28076",
"2022","June 02, 2022","General Election","31728","021 - Don Valley North","5","78300","31913","76","97","12","31728",
"2022","June 02, 2022","General Election","36760","022 - Don Valley West","9","74921","36978","118","80","20","36760",
"2022","June 02, 2022","General Election","46127","023 - Dufferin—Caledon","8","110230","46373","111","88","47","46127",
"2022","June 02, 2022","General Election","49320","024 - Durham","7","113389","49562","122","67","53","49320",
"2022","June 02, 2022","General Election","39258","025 - Eglinton—Lawrence","10","84513","39485","115","90","22","39258",
"2022","June 02, 2022","General Election","43791","026 - Elgin—Middlesex—London","8","98326","44027","102","93","41","43791",
"2022","June 02, 2022","General Election","48780","027 - Essex","7","103848","49025","130","83","32","48780",
"2022","June 02, 2022","General Election","45351","028 - Etobicoke Centre","8","94024","45645","120","130","44","45351",
"2022","June 02, 2022","General Election","47966","029 - Etobicoke—Lakeshore","7","106499","48221","108","91","56","47966",
"2022","June 02, 2022","General Election","25103","030 - Etobicoke North","7","74449","25301","97","91","10","25103",
"2022","June 02, 2022","General Election","43951","031 - Flamborough—Glanbrook","7","94203","44193","121","61","60","43951",
"2022","June 02, 2022","General Election","44382","032 - Glengarry—Prescott—Russell","6","98155","44724","242","83","17","44382",
"2022","June 02, 2022","General Election","54638","033 - Guelph","7","111147","54898","127","83","50","54638",
"2022","June 02, 2022","General Election","45427","034 - Haldimand—Norfolk","9","93450","45679","126","76","50","45427",
"2022","June 02, 2022","General Election","48926","035 - Haliburton—Kawartha Lakes—Brock","7","102400","49292","151","156","59","48926",
"2022","June 02, 2022","General Election","29147","036 - Hamilton Centre","8","77599","29438","92","156","43","29147",
"2022","June 02, 2022","General Election","35166","037 - Hamilton East—Stoney Creek","8","86964","35615","166","216","67","35166",
"2022","June 02, 2022","General Election","34034","038 - Hamilton Mountain","6","82518","34234","67","92","41","34034",
"2022","June 02, 2022","General Election","45017","039 - Hamilton West—Ancaster—Dundas","6","93526","45310","141","99","53","45017",
"2022","June 02, 2022","General Election","38184","040 - Hastings—Lennox and Addington","6","81418","38362","95","52","31","38184",
"2022","June 02, 2022","General Election","23078","041 - Humber River—Black Creek","7","70632","23415","139","181","17","23078",
"2022","June 02, 2022","General Election","46892","042 - Huron—Bruce","8","87090","47169","129","74","74","46892",
"2022","June 02, 2022","General Election","45569","043 - Kanata—Carleton","6","88936","45695","45","55","26","45569",
"2022","June 02, 2022","General Election","16059","044 - Kenora—Rainy River","8","40525","16294","51","164","20","16059",
"2022","June 02, 2022","General Election","40897","045 - King—Vaughan","7","103344","41125","118","93","17","40897",
"2022","June 02, 2022","General Election","48749","046 - Kingston and the Islands","9","104601","48998","108","106","35","48749",
"2022","June 02, 2022","General Election","38902","047 - Kitchener Centre","5","84747","39164","109","99","54","38902",
"2022","June 02, 2022","General Election","37589","048 - Kitchener—Conestoga","7","77379","37823","91","57","86","37589",
"2022","June 02, 2022","General Election","34496","049 - Kitchener South—Hespeler","6","82450","34762","121","99","46","34496",
"2022","June 02, 2022","General Election","42399","050 - Lambton—Kent—Middlesex","7","90221","42652","119","87","47","42399",
"2022","June 02, 2022","General Election","44185","051 - Lanark—Frontenac—Kingston","8","88832","44438","123","98","32","44185",
"2022","June 02, 2022","General Election","42744","052 - Leeds—Grenville—Thousand Islands and Rideau Lakes","9","87378","42971","138","53","36","42744",
"2022","June 02, 2022","General Election","34260","053 - London—Fanshawe","9","94342","34488","113","87","28","34260",
"2022","June 02, 2022","General Election","43085","054 - London North Centre","8","102767","43295","125","66","19","43085",
"2022","June 02, 2022","General Election","49882","055 - London West","9","103127","50139","149","61","47","49882",
"2022","June 02, 2022","General Election","43723","056 - Markham—Stouffville","6","98749","43952","112","89","28","43723",
"2022","June 02, 2022","General Election","28699","057 - Markham—Thornhill","6","72633","28820","57","52","12","28699",
"2022","June 02, 2022","General Election","35422","058 - Markham—Unionville","6","91097","35638","64","138","14","35422",
"2022","June 02, 2022","General Election","38927","059 - Milton","6","91696","39158","98","123","10","38927",
"2022","June 02, 2022","General Election","33758","060 - Mississauga Centre","9","89218","34029","162","96","13","33758",
"2022","June 02, 2022","General Election","33828","061 - Mississauga East—Cooksville","7","86019","34050","120","75","27","33828",
"2022","June 02, 2022","General Election","37235","062 - Mississauga—Erin Mills","6","89926","37497","138","100","24","37235",
"2022","June 02, 2022","General Election","42890","063 - Mississauga—Lakeshore","7","91778","43087","85","71","41","42890",
"2022","June 02, 2022","General Election","29023","064 - Mississauga—Malton","5","80059","29233","83","110","17","29023",
"2022","June 02, 2022","General Election","37989","065 - Mississauga—Streetsville","8","89334","38119","53","60","17","37989",
"2022","June 02, 2022","General Election","43617","066 - Nepean","6","95599","43866","118","89","42","43617",
"2022","June 02, 2022","General Election","41523","067 - Newmarket—Aurora","7","93983","41743","85","98","37","41523",
"2022","June 02, 2022","General Election","41208","068 - Niagara Centre","6","95459","41402","85","67","42","41208",
"2022","June 02, 2022","General Election","50344","069 - Niagara Falls","7","116171","50653","161","97","51","50344",
"2022","June 02, 2022","General Election","41796","070 - Niagara West","8","79089","42047","107","98","46","41796",
"2022","June 02, 2022","General Election","30747","071 - Nickel Belt","6","67858","30884","74","45","18","30747",
"2022","June 02, 2022","General Election","30659","072 - Nipissing","8","63993","30900","123","106","12","30659",
"2022","June 02, 2022","General Election","51871","073 - Northumberland—Peterborough South","6","100788","52129","158","57","43","51871",
"2022","June 02, 2022","General Election","46569","074 - Oakville","9","93268","46903","166","130","38","46569",
"2022","June 02, 2022","General Election","47095","075 - Oakville North—Burlington","6","101071","47389","139","122","33","47095",
"2022","June 02, 2022","General Election","51839","076 - Orléans","7","111660","52024","98","63","24","51839",
"2022","June 02, 2022","General Election","40809","077 - Oshawa","6","103853","41004","85","65","45","40809",
"2022","June 02, 2022","General Election","55781","078 - Ottawa Centre","10","110463","56047","116","113","37","55781",
"2022","June 02, 2022","General Election","40500","079 - Ottawa South","8","95991","40779","100","149","30","40500",
"2022","June 02, 2022","General Election","38673","080 - Ottawa—Vanier","9","98774","38936","134","89","40","38673",
"2022","June 02, 2022","General Election","41814","081 - Ottawa West—Nepean","5","89436","42415","499","81","21","41814",
"2022","June 02, 2022","General Election","44321","082 - Oxford","6","95927","44561","102","74","64","44321",
"2022","June 02, 2022","General Election","42664","083 - Parkdale—High Park","8","85352","42892","112","81","35","42664",
"2022","June 02, 2022","General Election","44558","084 - Parry Sound—Muskoka","7","84280","44745","73","73","41","44558",
"2022","June 02, 2022","General Election","41597","085 - Perth—Wellington","7","83497","41826","90","78","61","41597",
"2022","June 02, 2022","General Election","52373","086 - Peterborough—Kawartha","6","102163","52579","88","65","53","52373",
"2022","June 02, 2022","General Election","43232","087 - Pickering—Uxbridge","8","96164","43553","221","75","25","43232",
"2022","June 02, 2022","General Election","40188","088 - Renfrew—Nipissing—Pembroke","7","87343","40427","112","87","40","40188",
"2022","June 02, 2022","General Election","30796","089 - Richmond Hill","7","85825","31018","92","107","23","30796",
"2022","June 02, 2022","General Election","43136","090 - St. Catharines","9","92924","43360","140","55","29","43136",
"2022","June 02, 2022","General Election","40181","091 - Sarnia—Lambton","7","86735","40496","125","115","75","40181",
"2022","June 02, 2022","General Election","26884","092 - Sault Ste. Marie","6","60748","27027","74","51","18","26884",
"2022","June 02, 2022","General Election","28636","093 - Scarborough—Agincourt","6","73032","28795","73","75","11","28636",
"2022","June 02, 2022","General Election","31869","094 - Scarborough Centre","10","77858","32120","120","110","21","31869",
"2022","June 02, 2022","General Election","28949","095 - Scarborough—Guildwood","7","70153","29205","121","106","29","28949",
"2022","June 02, 2022","General Election","26177","096 - Scarborough North","7","67032","26318","60","75","6","26177",
"2022","June 02, 2022","General Election","35312","097 - Scarborough—Rouge Park","7","78567","35447","51","70","14","35312",
"2022","June 02, 2022","General Election","35326","098 - Scarborough Southwest","8","80222","35573","94","131","22","35326",
"2022","June 02, 2022","General Election","52886","099 - Simcoe—Grey","7","122113","53141","95","108","52","52886",
"2022","June 02, 2022","General Election","46265","100 - Simcoe North","7","100537","46493","113","57","58","46265",
"2022","June 02, 2022","General Election","33857","101 - Spadina—Fort York","6","99220","34087","130","71","29","33857",
"2022","June 02, 2022","General Election","36114","102 - Stormont—Dundas—South Glengarry","6","87263","36328","124","67","23","36114",
"2022","June 02, 2022","General Election","29410","103 - Sudbury","8","66394","29613","124","50","29","29410",
"2022","June 02, 2022","General Election","34522","104 - Thornhill","11","87313","34820","159","115","24","34522",
"2022","June 02, 2022","General Election","26598","105 - Thunder Bay—Atikokan","7","62107","26761","77","49","37","26598",
"2022","June 02, 2022","General Election","24634","106 - Thunder Bay—Superior North","8","57352","24799","78","63","24","24634",
"2022","June 02, 2022","General Election","22779","107 - Timiskaming—Cochrane","8","53830","22936","105","29","23","22779",
"2022","June 02, 2022","General Election","14437","108 - Timmins","5","33386","14535","66","26","6","14437",
"2022","June 02, 2022","General Election","34921","109 - Toronto Centre","8","88268","35145","105","105","14","34921",
"2022","June 02, 2022","General Election","41324","110 - Toronto—Danforth","8","84085","41568","139","70","35","41324",
"2022","June 02, 2022","General Election","42179","111 - Toronto—St. Paul's","8","88424","42507","230","79","19","42179",
"2022","June 02, 2022","General Election","37181","112 - University—Rosedale","6","86500","37370","94","77","18","37181",
"2022","June 02, 2022","General Election","35958","113 - Vaughan—Woodbridge","8","82215","36200","122","109","11","35958",
"2022","June 02, 2022","General Election","44922","114 - Waterloo","8","93235","45138","96","52","68","44922",
"2022","June 02, 2022","General Election","49493","115 - Wellington—Halton Hills","6","102911","49787","120","130","44","49493",
"2022","June 02, 2022","General Election","46104","116 - Whitby","8","103309","46366","148","91","23","46104",
"2022","June 02, 2022","General Election","31583","117 - Willowdale","11","79942","31845","99","116","47","31583",
"2022","June 02, 2022","General Election","38551","118 - Windsor—Tecumseh","10","95488","38779","126","62","40","38551",
"2022","June 02, 2022","General Election","31752","119 - Windsor West","6","95295","32039","131","141","15","31752",
"2022","June 02, 2022","General Election","28128","120 - York Centre","9","73101","28467","171","85","83","28128",
"2022","June 02, 2022","General Election","36628","121 - York—Simcoe","8","94324","36791","76","68","19","36628",
"2022","June 02, 2022","General Election","30432","122 - York South—Weston","7","80567","30703","162","90","19","30432",
"2022","June 02, 2022","General Election","4763","123 - Kiiwetinoong","5","15782","4798","13","13","9","4763",
"2022","June 02, 2022","General Election","7255","124 - Mushkegowuk—James Bay","6","18483","7283","23","5","0","7255",
"2025","February 27, 2025","General Election","41142","001 - Ajax","6","99349","41290","48","84","16","41142",
"2025","February 27, 2025","General Election","27253","002 - Algoma—Manitoulin","6","56213","27506","190","35","28","27253",
"2025","February 27, 2025","General Election","34394","003 - Aurora—Oak Ridges—Richmond Hill","5","90385","34616","132","72","18","34394",
"2025","February 27, 2025","General Election","40746","004 - Barrie—Innisfil","6","99332","41024","171","48","59","40746",
"2025","February 27, 2025","General Election","40245","005 - Barrie—Springwater—Oro-Medonte","6","88277","40521","180","51","45","40245",
"2025","February 27, 2025","General Election","46688","006 - Bay of Quinte","6","97476","47030","192","94","56","46688",
"2025","February 27, 2025","General Election","42104","007 - Beaches—East York","8","84615","42282","110","45","23","42104",
"2025","February 27, 2025","General Election","24638","008 - Brampton Centre","5","67525","24789","86","44","21","24638",
"2025","February 27, 2025","General Election","28507","009 - Brampton East","5","82648","28769","55","180","27","28507",
"2025","February 27, 2025","General Election","30591","010 - Brampton North","5","79914","30754","74","69","20","30591",
"2025","February 27, 2025","General Election","29275","011 - Brampton South","5","81573","29451","97","39","40","29275",
"2025","February 27, 2025","General Election","33633","012 - Brampton West","6","97171","33790","84","62","11","33633",
"2025","February 27, 2025","General Election","51172","013 - Brantford—Brant","8","118761","51553","118","189","74","51172",
"2025","February 27, 2025","General Election","45672","014 - Bruce—Grey—Owen Sound","8","92278","46115","219","149","75","45672",
"2025","February 27, 2025","General Election","55906","015 - Burlington","6","105077","56307","175","148","78","55906",
"2025","February 27, 2025","General Election","44001","016 - Cambridge","5","96578","44248","127","86","34","44001",
"2025","February 27, 2025","General Election","52722","017 - Carleton","8","112480","52973","134","70","47","52722",
"2025","February 27, 2025","General Election","42776","018 - Chatham-Kent—Leamington","6","89308","43160","228","86","70","42776",
"2025","February 27, 2025","General Election","38803","019 - Davenport","5","84624","39076","151","82","40","38803",
"2025","February 27, 2025","General Election","27301","020 - Don Valley East","5","68774","27564","128","116","19","27301",
"2025","February 27, 2025","General Election","30556","021 - Don Valley North","6","80903","30775","141","48","30","30556",
"2025","February 27, 2025","General Election","32074","022 - Don Valley West","6","76018","32251","132","26","19","32074",
"2025","February 27, 2025","General Election","49674","023 - Dufferin—Caledon","7","116755","49958","139","87","58","49674",
"2025","February 27, 2025","General Election","53423","024 - Durham","8","122049","53812","248","72","69","53423",
"2025","February 27, 2025","General Election","40335","025 - Eglinton—Lawrence","3","86989","40646","186","80","45","40335",
"2025","February 27, 2025","General Election","51486","026 - Elgin—Middlesex—London","7","105389","51973","150","229","108","51486",
"2025","February 27, 2025","General Election","55366","027 - Essex","8","110725","55742","148","71","157","55366",
"2025","February 27, 2025","General Election","46279","028 - Etobicoke Centre","8","96769","46559","174","71","35","46279",
"2025","February 27, 2025","General Election","51924","029 - Etobicoke—Lakeshore","7","111858","52289","196","118","51","51924",
"2025","February 27, 2025","General Election","25970","030 - Etobicoke North","6","76734","26182","129","71","12","25970",
"2025","February 27, 2025","General Election","48176","031 - Flamborough—Glanbrook","5","101104","48492","118","119","79","48176",
"2025","February 27, 2025","General Election","47935","032 - Glengarry—Prescott—Russell","7","101904","48287","261","65","26","47935",
"2025","February 27, 2025","General Election","60132","033 - Guelph","5","118153","60402","140","77","53","60132",
"2025","February 27, 2025","General Election","52896","034 - Haldimand—Norfolk","6","97954","53080","109","52","23","52896",
"2025","February 27, 2025","General Election","50831","035 - Haliburton—Kawartha Lakes—Brock","9","106268","51203","213","74","85","50831",
"2025","February 27, 2025","General Election","33469","036 - Hamilton Centre","7","79401","33582","56","52","5","33469",
"2025","February 27, 2025","General Election","38983","037 - Hamilton East—Stoney Creek","7","89584","39255","134","72","66","38983",
"2025","February 27, 2025","General Election","38577","038 - Hamilton Mountain","8","84310","38802","102","67","56","38577",
"2025","February 27, 2025","General Election","50637","039 - Hamilton West—Ancaster—Dundas","7","97226","51015","150","117","111","50637",
"2025","February 27, 2025","General Election","41679","040 - Hastings—Lennox and Addington","6","85746","42014","135","122","78","41679",
"2025","February 27, 2025","General Election","24876","041 - Humber River—Black Creek","5","72740","25204","139","166","23","24876",
"2025","February 27, 2025","General Election","48901","042 - Huron—Bruce","6","89807","49269","194","94","80","48901",
"2025","February 27, 2025","General Election","47608","043 - Kanata—Carleton","6","95098","47931","107","184","32","47608",
"2025","February 27, 2025","General Election","17590","044 - Kenora—Rainy River","5","37548","17715","85","15","25","17590",
"2025","February 27, 2025","General Election","44453","045 - King—Vaughan","6","112129","44727","159","69","46","44453",
"2025","February 27, 2025","General Election","54064","046 - Kingston and the Islands","6","109520","54476","281","88","43","54064",
"2025","February 27, 2025","General Election","41250","047 - Kitchener Centre","7","88419","41526","112","106","58","41250",
"2025","February 27, 2025","General Election","40797","048 - Kitchener—Conestoga","6","80543","41126","130","111","88","40797",
"2025","February 27, 2025","General Election","38225","049 - Kitchener South—Hespeler","5","87520","38478","137","58","58","38225",
"2025","February 27, 2025","General Election","47239","050 - Lambton—Kent—Middlesex","5","93152","47533","161","49","84","47239",
"2025","February 27, 2025","General Election","47653","051 - Lanark—Frontenac—Kingston","7","93300","47893","123","55","62","47653",
"2025","February 27, 2025","General Election","45571","052 - Leeds—Grenville—Thousand Islands and Rideau Lakes","7","89653","45944","207","121","45","45571",
"2025","February 27, 2025","General Election","39398","053 - London—Fanshawe","7","96054","39640","126","58","58","39398",
"2025","February 27, 2025","General Election","48356","054 - London North Centre","6","104571","48605","99","57","93","48356",
"2025","February 27, 2025","General Election","54033","055 - London West","8","108634","54285","130","81","41","54033",
"2025","February 27, 2025","General Election","44941","056 - Markham—Stouffville","5","104085","45160","112","91","16","44941",
"2025","February 27, 2025","General Election","26666","057 - Markham—Thornhill","4","72174","26851","84","74","27","26666",
"2025","February 27, 2025","General Election","32886","058 - Markham—Unionville","5","92176","33069","106","59","18","32886",
"2025","February 27, 2025","General Election","42357","059 - Milton","6","101453","42592","157","49","29","42357",
"2025","February 27, 2025","General Election","35463","060 - Mississauga Centre","7","93765","35772","189","99","21","35463",
"2025","February 27, 2025","General Election","36108","061 - Mississauga East—Cooksville","9","87644","36330","127","67","28","36108",
"2025","February 27, 2025","General Election","37717","062 - Mississauga—Erin Mills","7","93863","38513","134","638","24","37717",
"2025","February 27, 2025","General Election","43301","063 - Mississauga—Lakeshore","7","94277","43530","141","53","35","43301",
"2025","February 27, 2025","General Election","29675","064 - Mississauga—Malton","5","81246","29814","77","45","17","29675",
"2025","February 27, 2025","General Election","40069","065 - Mississauga—Streetsville","5","91117","40371","91","191","20","40069",
"2025","February 27, 2025","General Election","46739","066 - Nepean","7","103654","46935","102","56","38","46739",
"2025","February 27, 2025","General Election","42602","067 - Newmarket—Aurora","6","97899","42871","156","70","43","42602",
"2025","February 27, 2025","General Election","48385","068 - Niagara Centre","7","100743","48738","202","102","49","48385",
"2025","February 27, 2025","General Election","53771","069 - Niagara Falls","7","120441","54215","257","96","91","53771",
"2025","February 27, 2025","General Election","44817","070 - Niagara West","8","82145","45095","108","99","71","44817",
"2025","February 27, 2025","General Election","35403","071 - Nickel Belt","6","70685","35701","120","137","41","35403",
"2025","February 27, 2025","General Election","31656","072 - Nipissing","6","65384","31995","132","154","53","31656",
"2025","February 27, 2025","General Election","54692","073 - Northumberland—Peterborough South","6","105390","55119","195","153","79","54692",
"2025","February 27, 2025","General Election","47395","074 - Oakville","6","96712","47670","116","127","32","47395",
"2025","February 27, 2025","General Election","51472","075 - Oakville North—Burlington","5","111157","51740","155","72","41","51472",
"2025","February 27, 2025","General Election","56262","076 - Orléans","8","118683","56609","206","116","25","56262",
"2025","February 27, 2025","General Election","44402","077 - Oshawa","6","107185","44621","88","68","63","44402",
"2025","February 27, 2025","General Election","58320","078 - Ottawa Centre","8","119363","58597","151","84","42","58320",
"2025","February 27, 2025","General Election","41932","079 - Ottawa South","5","99305","42192","106","119","35","41932",
"2025","February 27, 2025","General Election","40275","080 - Ottawa—Vanier","6","104696","40646","219","120","32","40275",
"2025","February 27, 2025","General Election","40722","081 - Ottawa West—Nepean","5","90773","40993","153","77","41","40722",
"2025","February 27, 2025","General Election","48970","082 - Oxford","7","101383","49296","127","117","82","48970",
"2025","February 27, 2025","General Election","45220","083 - Parkdale—High Park","6","87683","45434","87","80","47","45220",
"2025","February 27, 2025","General Election","46436","084 - Parry Sound—Muskoka","6","87147","46807","199","116","56","46436",
"2025","February 27, 2025","General Election","44909","085 - Perth—Wellington","7","85702","45150","100","75","66","44909",
"2025","February 27, 2025","General Election","55109","086 - Peterborough—Kawartha","6","106046","55336","129","50","48","55109",
"2025","February 27, 2025","General Election","45723","087 - Pickering—Uxbridge","8","100493","45870","63","34","50","45723",
"2025","February 27, 2025","General Election","44311","088 - Renfrew—Nipissing—Pembroke","6","91213","44647","186","89","61","44311",
"2025","February 27, 2025","General Election","30780","089 - Richmond Hill","5","87268","31033","88","139","26","30780",
"2025","February 27, 2025","General Election","46745","090 - St. Catharines","8","94400","47085","189","108","43","46745",
"2025","February 27, 2025","General Election","44283","091 - Sarnia—Lambton","9","88387","44650","197","114","56","44283",
"2025","February 27, 2025","General Election","30350","092 - Sault Ste. Marie","6","61229","30565","88","67","60","30350",
"2025","February 27, 2025","General Election","27271","093 - Scarborough—Agincourt","6","73529","27459","107","60","21","27271",
"2025","February 27, 2025","General Election","30338","094 - Scarborough Centre","6","79287","30648","193","95","22","30338",
"2025","February 27, 2025","General Election","27074","095 - Scarborough—Guildwood","7","70700","27311","154","63","20","27074",
"2025","February 27, 2025","General Election","24598","096 - Scarborough North","4","66842","24732","66","44","24","24598",
"2025","February 27, 2025","General Election","33269","097 - Scarborough—Rouge Park","6","78813","33444","95","39","41","33269",
"2025","February 27, 2025","General Election","33937","098 - Scarborough Southwest","4","81880","34172","125","76","34","33937",
"2025","February 27, 2025","General Election","57051","099 - Simcoe—Grey","5","130012","57443","218","76","98","57051",
"2025","February 27, 2025","General Election","48365","100 - Simcoe North","6","105720","48752","247","75","65","48365",
"2025","February 27, 2025","General Election","45424","101 - Spadina—Fort York","5","109204","45816","225","127","40","45424",
"2025","February 27, 2025","General Election","37714","102 - Stormont—Dundas—South Glengarry","6","88432","38004","131","49","110","37714",
"2025","February 27, 2025","General Election","31581","103 - Sudbury","6","67045","31784","138","35","30","31581",
"2025","February 27, 2025","General Election","35677","104 - Thornhill","6","90296","36055","155","177","46","35677",
"2025","February 27, 2025","General Election","30029","105 - Thunder Bay—Atikokan","6","61373","30242","114","70","29","30029",
"2025","February 27, 2025","General Election","27451","106 - Thunder Bay—Superior North","7","56498","27634","90","62","31","27451",
"2025","February 27, 2025","General Election","25216","107 - Timiskaming—Cochrane","5","52448","25401","109","49","27","25216",
"2025","February 27, 2025","General Election","13698","108 - Timmins","5","33034","13845","99","23","25","13698",
"2025","February 27, 2025","General Election","39135","109 - Toronto Centre","7","92620","39444","218","59","32","39135",
"2025","February 27, 2025","General Election","42399","110 - Toronto—Danforth","5","85825","42705","200","84","22","42399",
"2025","February 27, 2025","General Election","42699","111 - Toronto—St. Paul's","4","91639","42984","137","98","50","42699",
"2025","February 27, 2025","General Election","39365","112 - University—Rosedale","5","89216","39660","203","61","31","39365",
"2025","February 27, 2025","General Election","35686","113 - Vaughan—Woodbridge","6","84463","35948","135","107","20","35686",
"2025","February 27, 2025","General Election","49884","114 - Waterloo","8","97094","50082","107","51","40","49884",
"2025","February 27, 2025","General Election","53969","115 - Wellington—Halton Hills","7","107532","54512","154","310","79","53969",
"2025","February 27, 2025","General Election","51560","116 - Whitby","5","112402","51840","160","71","49","51560",
"2025","February 27, 2025","General Election","31273","117 - Willowdale","6","84081","31555","126","128","28","31273",
"2025","February 27, 2025","General Election","44203","118 - Windsor—Tecumseh","7","98508","44506","188","51","64","44203",
"2025","February 27, 2025","General Election","37207","119 - Windsor West","6","97064","37578","184","112","75","37207",
"2025","February 27, 2025","General Election","30369","120 - York Centre","8","76907","30714","213","113","19","30369",
"2025","February 27, 2025","General Election","41588","121 - York—Simcoe","8","103817","41831","117","63","63","41588",
"2025","February 27, 2025","General Election","31636","122 - York South—Weston","6","82710","31923","174","85","28","31636",
"2025","February 27, 2025","General Election","5647","123 - Kiiwetinoong","5","21245","5736","56","16","17","5647",
"2025","February 27, 2025","General Election","7980","124 - Mushkegowuk—James Bay","4","19499","8072","64","11","17","7980",
