game_id,season_id,team_side,person_id,player_id
2,1,home,73,71
2,1,home,166,133
2,1,home,70,68
2,1,home,164,131
2,1,home,129,101
2,1,home,76,74
2,1,home,69,67
2,1,home,159,126
2,1,home,67,65
2,1,home,74,72
2,1,home,77,75
2,1,home,68,66
2,1,home,128,100
2,1,home,75,73
2,1,home,161,128
2,1,home,108,89
2,1,home,78,76
2,1,home,71,69
2,1,home,200,165
4,1,home,4,2
4,1,home,14,12
4,1,home,202,167
4,1,home,20,18
4,1,home,17,15
4,1,home,141,111
4,1,home,9,7
4,1,home,140,110
4,1,home,11,9
4,1,home,13,11
4,1,home,139,109
4,1,home,3,1
4,1,home,15,13
4,1,home,7,5
4,1,home,6,4
4,1,home,10,8
4,1,home,19,17
4,1,home,18,16
4,1,home,12,10
6,1,visitor,127,99
6,1,visitor,198,163
6,1,visitor,197,162
6,1,visitor,34,32
6,1,visitor,191,156
6,1,visitor,103,84
6,1,visitor,199,164
6,1,visitor,194,159
6,1,visitor,29,27
6,1,visitor,126,98
6,1,visitor,193,158
6,1,visitor,196,161
6,1,visitor,31,29
6,1,visitor,102,83
6,1,visitor,100,81
6,1,visitor,33,31
6,1,visitor,28,26
6,1,visitor,32,30
6,1,visitor,101,82
10,1,home,73,71
10,1,home,166,133
10,1,home,70,68
10,1,home,129,101
10,1,home,76,74
10,1,home,69,67
10,1,home,159,126
10,1,home,67,65
10,1,home,74,72
10,1,home,77,75
10,1,home,68,66
10,1,home,160,127
10,1,home,128,100
10,1,home,75,73
10,1,home,161,128
10,1,home,108,89
10,1,home,78,76
10,1,home,71,69
10,1,home,200,165
15,1,home,64,62
15,1,home,54,52
15,1,home,175,142
15,1,home,65,63
15,1,home,57,55
15,1,home,174,141
15,1,home,171,138
15,1,home,63,61
15,1,home,58,56
15,1,home,107,88
15,1,home,59,57
15,1,home,60,58
15,1,home,52,50
15,1,home,55,53
15,1,home,53,51
15,1,home,62,60
15,1,home,51,49
15,1,home,170,137
16,1,home,4,2
16,1,home,14,12
16,1,home,202,167
16,1,home,20,18
16,1,home,17,15
16,1,home,141,111
16,1,home,9,7
16,1,home,140,110
16,1,home,11,9
16,1,home,13,11
16,1,home,139,109
16,1,home,3,1
16,1,home,15,13
16,1,home,7,5
16,1,home,6,4
16,1,home,10,8
16,1,home,19,17
16,1,home,18,16
16,1,home,12,10
21,1,visitor,48,46
21,1,visitor,183,150
21,1,visitor,40,38
21,1,visitor,38,36
21,1,visitor,47,45
21,1,visitor,44,42
21,1,visitor,35,33
21,1,visitor,41,39
21,1,visitor,106,87
21,1,visitor,46,44
21,1,visitor,39,37
21,1,visitor,42,40
21,1,visitor,181,148
21,1,visitor,36,34
21,1,visitor,37,35
21,1,visitor,49,47
21,1,visitor,185,152
21,1,visitor,105,86
21,1,visitor,180,147
22,1,visitor,54,52
22,1,visitor,177,144
22,1,visitor,175,142
22,1,visitor,65,63
22,1,visitor,174,141
22,1,visitor,171,138
22,1,visitor,63,61
22,1,visitor,58,56
22,1,visitor,107,88
22,1,visitor,59,57
22,1,visitor,60,58
22,1,visitor,52,50
22,1,visitor,56,54
22,1,visitor,55,53
22,1,visitor,53,51
22,1,visitor,62,60
22,1,visitor,51,49
22,1,visitor,170,137
24,1,home,183,150
24,1,home,40,38
24,1,home,38,36
24,1,home,47,45
24,1,home,44,42
24,1,home,35,33
24,1,home,41,39
24,1,home,106,87
24,1,home,46,44
24,1,home,39,37
24,1,home,42,40
24,1,home,181,148
24,1,home,36,34
24,1,home,37,35
24,1,home,49,47
24,1,home,185,152
24,1,home,105,86
24,1,home,180,147
30,1,visitor,127,99
30,1,visitor,198,163
30,1,visitor,197,162
30,1,visitor,34,32
30,1,visitor,191,156
30,1,visitor,103,84
30,1,visitor,194,159
30,1,visitor,29,27
30,1,visitor,126,98
30,1,visitor,193,158
30,1,visitor,196,161
30,1,visitor,31,29
30,1,visitor,102,83
30,1,visitor,99,80
30,1,visitor,100,81
30,1,visitor,192,157
30,1,visitor,33,31
30,1,visitor,28,26
30,1,visitor,32,30
38,1,home,26,24
38,1,home,132,102
38,1,home,133,103
38,1,home,25,23
38,1,home,27,25
38,1,home,146,116
38,1,home,13,11
38,1,home,119,91
38,1,home,135,105
38,1,home,96,79
38,1,home,118,90
38,1,home,162,129
38,1,home,144,114
38,1,home,148,118
38,1,home,22,20
38,1,home,149,119
38,1,home,134,104
38,1,home,145,115
43,1,home,48,46
43,1,home,183,150
43,1,home,40,38
43,1,home,38,36
43,1,home,47,45
43,1,home,44,42
43,1,home,35,33
43,1,home,41,39
43,1,home,106,87
43,1,home,46,44
43,1,home,39,37
43,1,home,42,40
43,1,home,181,148
43,1,home,36,34
43,1,home,37,35
43,1,home,49,47
43,1,home,182,149
43,1,home,105,86
44,1,visitor,64,62
44,1,visitor,175,142
44,1,visitor,65,63
44,1,visitor,57,55
44,1,visitor,174,141
44,1,visitor,63,61
44,1,visitor,58,56
44,1,visitor,107,88
44,1,visitor,59,57
44,1,visitor,60,58
44,1,visitor,52,50
44,1,visitor,5,3
44,1,visitor,55,53
44,1,visitor,53,51
44,1,visitor,62,60
44,1,visitor,169,136
44,1,visitor,51,49
44,1,visitor,170,137
46,1,home,48,46
46,1,home,183,150
46,1,home,40,38
46,1,home,38,36
46,1,home,47,45
46,1,home,44,42
46,1,home,35,33
46,1,home,41,39
46,1,home,106,87
46,1,home,46,44
46,1,home,39,37
46,1,home,42,40
46,1,home,181,148
46,1,home,36,34
46,1,home,37,35
46,1,home,49,47
46,1,home,182,149
46,1,home,105,86
46,1,home,180,147
47,1,visitor,127,99
47,1,visitor,198,163
47,1,visitor,197,162
47,1,visitor,34,32
47,1,visitor,191,156
47,1,visitor,103,84
47,1,visitor,194,159
47,1,visitor,29,27
47,1,visitor,126,98
47,1,visitor,193,158
47,1,visitor,195,160
47,1,visitor,196,161
47,1,visitor,102,83
47,1,visitor,99,80
47,1,visitor,203,168
47,1,visitor,100,81
47,1,visitor,192,157
47,1,visitor,33,31
47,1,visitor,32,30
50,1,visitor,4,2
50,1,visitor,14,12
50,1,visitor,202,167
50,1,visitor,20,18
50,1,visitor,17,15
50,1,visitor,141,111
50,1,visitor,9,7
50,1,visitor,140,110
50,1,visitor,11,9
50,1,visitor,139,109
50,1,visitor,3,1
50,1,visitor,15,13
50,1,visitor,7,5
50,1,visitor,6,4
50,1,visitor,10,8
50,1,visitor,19,17
50,1,visitor,18,16
50,1,visitor,95,78
50,1,visitor,12,10
51,1,visitor,183,150
51,1,visitor,40,38
51,1,visitor,38,36
51,1,visitor,47,45
51,1,visitor,44,42
51,1,visitor,35,33
51,1,visitor,41,39
51,1,visitor,106,87
51,1,visitor,46,44
51,1,visitor,39,37
51,1,visitor,42,40
51,1,visitor,181,148
51,1,visitor,36,34
51,1,visitor,37,35
51,1,visitor,49,47
51,1,visitor,182,149
51,1,visitor,185,152
51,1,visitor,105,86
51,1,visitor,180,147
65,1,visitor,64,62
65,1,visitor,138,108
65,1,visitor,175,142
65,1,visitor,65,63
65,1,visitor,57,55
65,1,visitor,174,141
65,1,visitor,63,61
65,1,visitor,58,56
65,1,visitor,107,88
65,1,visitor,59,57
65,1,visitor,60,58
65,1,visitor,137,107
65,1,visitor,52,50
65,1,visitor,5,3
65,1,visitor,55,53
65,1,visitor,53,51
65,1,visitor,62,60
65,1,visitor,169,136
65,1,visitor,51,49
53,1,home,48,46
53,1,home,183,150
53,1,home,40,38
53,1,home,38,36
53,1,home,47,45
53,1,home,44,42
53,1,home,35,33
53,1,home,41,39
53,1,home,106,87
53,1,home,46,44
53,1,home,39,37
53,1,home,42,40
53,1,home,181,148
53,1,home,36,34
53,1,home,37,35
53,1,home,49,47
53,1,home,182,149
53,1,home,105,86
53,1,home,180,147
52,1,home,73,71
52,1,home,166,133
52,1,home,70,68
52,1,home,164,131
52,1,home,129,101
52,1,home,76,74
52,1,home,69,67
52,1,home,159,126
52,1,home,67,65
52,1,home,74,72
52,1,home,77,75
52,1,home,68,66
52,1,home,128,100
52,1,home,75,73
52,1,home,161,128
52,1,home,108,89
52,1,home,78,76
52,1,home,71,69
52,1,home,158,125
52,1,visitor,4,2
52,1,visitor,14,12
52,1,visitor,202,167
52,1,visitor,51,49
52,1,visitor,20,18
52,1,visitor,17,15
52,1,visitor,141,111
52,1,visitor,9,7
52,1,visitor,140,110
52,1,visitor,11,9
52,1,visitor,139,109
52,1,visitor,3,1
52,1,visitor,15,13
52,1,visitor,7,5
52,1,visitor,19,17
52,1,visitor,18,16
52,1,visitor,16,14
52,1,visitor,95,78
52,1,visitor,12,10
56,1,home,183,150
56,1,home,40,38
56,1,home,38,36
56,1,home,47,45
56,1,home,44,42
56,1,home,35,33
56,1,home,41,39
56,1,home,106,87
56,1,home,46,44
56,1,home,39,37
56,1,home,42,40
56,1,home,181,148
56,1,home,36,34
56,1,home,37,35
56,1,home,49,47
56,1,home,182,149
56,1,home,185,152
56,1,home,105,86
56,1,home,180,147
67,1,home,127,99
67,1,home,198,163
67,1,home,197,162
67,1,home,34,32
67,1,home,191,156
67,1,home,103,84
67,1,home,199,164
67,1,home,194,159
67,1,home,29,27
67,1,home,126,98
67,1,home,193,158
67,1,home,171,138
67,1,home,102,83
67,1,home,100,81
67,1,home,192,157
67,1,home,33,31
67,1,home,28,26
67,1,home,32,30
67,1,home,53,51
59,1,visitor,26,24
59,1,visitor,13,11
59,1,visitor,132,102
59,1,visitor,120,92
59,1,visitor,133,103
59,1,visitor,25,23
59,1,visitor,27,25
59,1,visitor,146,116
59,1,visitor,119,91
59,1,visitor,135,105
59,1,visitor,96,79
59,1,visitor,118,90
59,1,visitor,162,129
59,1,visitor,148,118
59,1,visitor,22,20
59,1,visitor,23,21
59,1,visitor,149,119
59,1,visitor,134,104
59,1,visitor,145,115
62,1,home,64,62
62,1,home,138,108
62,1,home,175,142
62,1,home,65,63
62,1,home,57,55
62,1,home,174,141
62,1,home,196,161
62,1,home,63,61
62,1,home,58,56
62,1,home,107,88
62,1,home,59,57
62,1,home,60,58
62,1,home,137,107
62,1,home,52,50
62,1,home,5,3
62,1,home,55,53
62,1,home,6,4
62,1,home,62,60
62,1,home,169,136
61,1,home,48,46
61,1,home,40,38
61,1,home,38,36
61,1,home,47,45
61,1,home,44,42
61,1,home,41,39
61,1,home,106,87
61,1,home,179,146
61,1,home,46,44
61,1,home,39,37
61,1,home,42,40
61,1,home,181,148
61,1,home,36,34
61,1,home,37,35
61,1,home,49,47
61,1,home,182,149
61,1,home,185,152
61,1,home,105,86
61,1,home,180,147
64,1,visitor,127,99
64,1,visitor,198,163
64,1,visitor,197,162
64,1,visitor,34,32
64,1,visitor,191,156
64,1,visitor,103,84
64,1,visitor,199,164
64,1,visitor,194,159
64,1,visitor,29,27
64,1,visitor,126,98
64,1,visitor,193,158
64,1,visitor,171,138
64,1,visitor,102,83
64,1,visitor,203,168
64,1,visitor,192,157
64,1,visitor,33,31
64,1,visitor,28,26
64,1,visitor,32,30
64,1,visitor,53,51
76,2,visitor,127,99
76,2,visitor,198,163
76,2,visitor,197,162
76,2,visitor,34,32
76,2,visitor,191,156
76,2,visitor,199,164
76,2,visitor,194,159
76,2,visitor,29,27
76,2,visitor,126,98
76,2,visitor,193,158
76,2,visitor,195,160
76,2,visitor,196,161
76,2,visitor,31,29
76,2,visitor,99,80
76,2,visitor,33,31
76,2,visitor,32,30
76,2,visitor,200,165
76,2,visitor,101,82
78,2,visitor,14,12
78,2,visitor,136,106
78,2,visitor,20,18
78,2,visitor,141,111
78,2,visitor,9,7
78,2,visitor,11,9
78,2,visitor,139,109
78,2,visitor,3,1
78,2,visitor,15,13
78,2,visitor,7,5
78,2,visitor,142,112
78,2,visitor,5,3
78,2,visitor,137,107
78,2,visitor,6,4
78,2,visitor,19,17
78,2,visitor,138,108
78,2,visitor,16,14
78,2,visitor,12,10
79,2,visitor,48,46
79,2,visitor,183,150
79,2,visitor,40,38
79,2,visitor,182,149
79,2,visitor,47,45
79,2,visitor,44,42
79,2,visitor,35,33
79,2,visitor,41,39
79,2,visitor,106,87
79,2,visitor,46,44
79,2,visitor,39,37
79,2,visitor,42,40
79,2,visitor,36,34
79,2,visitor,37,35
79,2,visitor,38,36
79,2,visitor,105,86
79,2,visitor,180,147
79,2,visitor,186,153
84,3,visitor,26,24
84,3,visitor,132,102
84,3,visitor,120,92
84,3,visitor,133,103
84,3,visitor,25,23
84,3,visitor,27,25
84,3,visitor,146,116
84,3,visitor,13,11
84,3,visitor,135,105
84,3,visitor,96,79
84,3,visitor,125,97
84,3,visitor,118,90
84,3,visitor,162,129
84,3,visitor,144,114
84,3,visitor,148,118
84,3,visitor,22,20
84,3,visitor,23,21
84,3,visitor,134,104
84,3,visitor,145,115
85,3,home,127,99
85,3,home,198,163
85,3,home,197,162
85,3,home,34,32
85,3,home,191,156
85,3,home,103,84
85,3,home,199,164
85,3,home,194,159
85,3,home,29,27
85,3,home,126,98
85,3,home,195,160
85,3,home,171,138
85,3,home,102,83
85,3,home,203,168
85,3,home,192,157
85,3,home,33,31
85,3,home,28,26
85,3,home,32,30
85,3,home,53,51
86,3,visitor,26,24
86,3,visitor,132,102
86,3,visitor,120,92
86,3,visitor,133,103
86,3,visitor,25,23
86,3,visitor,27,25
86,3,visitor,146,116
86,3,visitor,13,11
86,3,visitor,119,91
86,3,visitor,96,79
86,3,visitor,125,97
86,3,visitor,118,90
86,3,visitor,162,129
86,3,visitor,144,114
86,3,visitor,148,118
86,3,visitor,22,20
86,3,visitor,23,21
86,3,visitor,134,104
86,3,visitor,145,115
87,3,home,127,99
87,3,home,198,163
87,3,home,197,162
87,3,home,34,32
87,3,home,191,156
87,3,home,103,84
87,3,home,199,164
87,3,home,194,159
87,3,home,29,27
87,3,home,126,98
87,3,home,193,158
87,3,home,171,138
87,3,home,102,83
87,3,home,203,168
87,3,home,192,157
87,3,home,33,31
87,3,home,28,26
87,3,home,32,30
87,3,home,53,51
88,3,visitor,73,71
88,3,visitor,166,133
88,3,visitor,70,68
88,3,visitor,164,131
88,3,visitor,129,101
88,3,visitor,76,74
88,3,visitor,69,67
88,3,visitor,159,126
88,3,visitor,67,65
88,3,visitor,74,72
88,3,visitor,77,75
88,3,visitor,68,66
88,3,visitor,128,100
88,3,visitor,75,73
88,3,visitor,161,128
88,3,visitor,108,89
88,3,visitor,78,76
88,3,visitor,71,69
88,3,visitor,158,125
90,3,visitor,73,71
90,3,visitor,166,133
90,3,visitor,70,68
90,3,visitor,164,131
90,3,visitor,129,101
90,3,visitor,76,74
90,3,visitor,69,67
90,3,visitor,159,126
90,3,visitor,67,65
90,3,visitor,74,72
90,3,visitor,77,75
90,3,visitor,68,66
90,3,visitor,160,127
90,3,visitor,75,73
90,3,visitor,161,128
90,3,visitor,108,89
90,3,visitor,78,76
90,3,visitor,71,69
90,3,visitor,158,125
95,3,home,4,2
95,3,home,14,12
95,3,home,202,167
95,3,home,51,49
95,3,home,20,18
95,3,home,17,15
95,3,home,141,111
95,3,home,9,7
95,3,home,140,110
95,3,home,139,109
95,3,home,3,1
95,3,home,15,13
95,3,home,7,5
95,3,home,10,8
95,3,home,19,17
95,3,home,18,16
95,3,home,369,175
95,3,home,95,78
95,3,home,12,10
97,3,home,26,24
97,3,home,132,102
97,3,home,120,92
97,3,home,133,103
97,3,home,25,23
97,3,home,27,25
97,3,home,146,116
97,3,home,13,11
97,3,home,119,91
97,3,home,135,105
97,3,home,96,79
97,3,home,125,97
97,3,home,118,90
97,3,home,162,129
97,3,home,148,118
97,3,home,22,20
97,3,home,23,21
97,3,home,134,104
97,3,home,145,115
98,3,home,4,2
98,3,home,14,12
98,3,home,202,167
98,3,home,51,49
98,3,home,20,18
98,3,home,17,15
98,3,home,141,111
98,3,home,9,7
98,3,home,140,110
98,3,home,139,109
98,3,home,3,1
98,3,home,15,13
98,3,home,7,5
98,3,home,10,8
98,3,home,19,17
98,3,home,18,16
98,3,home,369,175
98,3,home,95,78
98,3,home,12,10
100,4,visitor,165,132
100,4,visitor,73,71
100,4,visitor,164,131
100,4,visitor,405,209
100,4,visitor,65,63
100,4,visitor,69,67
100,4,visitor,409,213
100,4,visitor,159,126
100,4,visitor,67,65
100,4,visitor,403,207
100,4,visitor,68,66
100,4,visitor,408,212
100,4,visitor,161,128
100,4,visitor,108,89
100,4,visitor,158,125
100,4,visitor,428,232
100,4,visitor,410,214
100,4,visitor,406,210
105,5,visitor,4,2
105,5,visitor,14,12
105,5,visitor,202,167
105,5,visitor,20,18
105,5,visitor,17,15
105,5,visitor,376,180
105,5,visitor,140,110
105,5,visitor,11,9
105,5,visitor,377,181
105,5,visitor,3,1
105,5,visitor,15,13
105,5,visitor,7,5
105,5,visitor,148,118
105,5,visitor,379,183
105,5,visitor,10,8
105,5,visitor,19,17
105,5,visitor,18,16
105,5,visitor,95,78
105,5,visitor,51,49
110,5,home,127,99
110,5,home,392,196
110,5,home,399,203
110,5,home,34,32
110,5,home,103,84
110,5,home,394,198
110,5,home,41,39
110,5,home,395,199
110,5,home,171,138
110,5,home,102,83
110,5,home,144,114
110,5,home,397,201
110,5,home,146,116
110,5,home,192,157
110,5,home,33,31
110,5,home,28,26
110,5,home,32,30
110,5,home,53,51
110,5,home,396,200
112,5,visitor,183,150
112,5,visitor,40,38
112,5,visitor,425,229
112,5,visitor,38,36
112,5,visitor,401,205
112,5,visitor,44,42
112,5,visitor,35,33
112,5,visitor,402,206
112,5,visitor,106,87
112,5,visitor,423,227
112,5,visitor,39,37
112,5,visitor,42,40
112,5,visitor,426,230
112,5,visitor,36,34
112,5,visitor,37,35
112,5,visitor,49,47
112,5,visitor,400,204
112,5,visitor,427,231
112,5,visitor,47,45
118,5,visitor,4,2
118,5,visitor,14,12
118,5,visitor,202,167
118,5,visitor,20,18
118,5,visitor,17,15
118,5,visitor,376,180
118,5,visitor,140,110
118,5,visitor,377,181
118,5,visitor,3,1
118,5,visitor,15,13
118,5,visitor,7,5
118,5,visitor,148,118
118,5,visitor,379,183
118,5,visitor,10,8
118,5,visitor,19,17
118,5,visitor,18,16
118,5,visitor,381,185
118,5,visitor,95,78
118,5,visitor,51,49
119,5,home,26,24
119,5,home,388,192
119,5,home,387,191
119,5,home,132,102
119,5,home,383,187
119,5,home,384,188
119,5,home,25,23
119,5,home,27,25
119,5,home,119,91
119,5,home,96,79
119,5,home,125,97
119,5,home,118,90
119,5,home,22,20
119,5,home,23,21
119,5,home,134,104
119,5,home,204,169
119,5,home,386,190
119,5,home,385,189
119,5,home,145,115
122,5,home,58,56
122,5,home,70,68
122,5,home,405,209
122,5,home,65,63
122,5,home,76,74
122,5,home,69,67
122,5,home,63,61
122,5,home,67,65
122,5,home,403,207
122,5,home,77,75
122,5,home,68,66
122,5,home,75,73
122,5,home,161,128
122,5,home,108,89
122,5,home,78,76
122,5,home,428,232
122,5,home,410,214
122,5,home,105,86
122,5,home,406,210
124,5,home,26,24
124,5,home,388,192
124,5,home,387,191
124,5,home,132,102
124,5,home,383,187
124,5,home,384,188
124,5,home,390,194
124,5,home,25,23
124,5,home,119,91
124,5,home,96,79
124,5,home,125,97
124,5,home,118,90
124,5,home,162,129
124,5,home,22,20
124,5,home,23,21
124,5,home,134,104
124,5,home,204,169
124,5,home,386,190
124,5,home,145,115
173,5,home,4,2
173,5,home,14,12
173,5,home,202,167
173,5,home,20,18
173,5,home,17,15
173,5,home,376,180
173,5,home,140,110
173,5,home,11,9
173,5,home,377,181
173,5,home,3,1
173,5,home,15,13
173,5,home,7,5
173,5,home,148,118
173,5,home,379,183
173,5,home,19,17
173,5,home,18,16
173,5,home,381,185
173,5,home,95,78
173,5,home,51,49
126,5,visitor,4,2
126,5,visitor,14,12
126,5,visitor,202,167
126,5,visitor,369,175
126,5,visitor,20,18
126,5,visitor,17,15
126,5,visitor,376,180
126,5,visitor,11,9
126,5,visitor,377,181
126,5,visitor,3,1
126,5,visitor,15,13
126,5,visitor,7,5
126,5,visitor,148,118
126,5,visitor,379,183
126,5,visitor,19,17
126,5,visitor,18,16
126,5,visitor,381,185
126,5,visitor,95,78
126,5,visitor,51,49
128,5,visitor,58,56
128,5,visitor,70,68
128,5,visitor,405,209
128,5,visitor,65,63
128,5,visitor,76,74
128,5,visitor,69,67
128,5,visitor,63,61
128,5,visitor,67,65
128,5,visitor,403,207
128,5,visitor,77,75
128,5,visitor,68,66
128,5,visitor,75,73
128,5,visitor,161,128
128,5,visitor,108,89
128,5,visitor,78,76
128,5,visitor,428,232
128,5,visitor,410,214
128,5,visitor,105,86
128,5,visitor,406,210
129,5,home,64,62
129,5,home,54,52
129,5,home,138,108
129,5,home,415,219
129,5,home,175,142
129,5,home,129,101
129,5,home,158,125
129,5,home,196,161
129,5,home,59,57
129,5,home,416,220
129,5,home,60,58
129,5,home,52,50
129,5,home,413,217
129,5,home,73,71
129,5,home,55,53
129,5,home,6,4
129,5,home,74,72
129,5,home,419,223
129,5,home,420,224
176,5,home,127,99
176,5,home,392,196
176,5,home,399,203
176,5,home,103,84
176,5,home,394,198
176,5,home,41,39
176,5,home,395,199
176,5,home,171,138
176,5,home,126,98
176,5,home,102,83
176,5,home,144,114
176,5,home,397,201
176,5,home,146,116
176,5,home,192,157
176,5,home,33,31
176,5,home,28,26
176,5,home,32,30
176,5,home,53,51
176,5,home,396,200
132,5,home,26,24
132,5,home,388,192
132,5,home,387,191
132,5,home,132,102
132,5,home,384,188
132,5,home,390,194
132,5,home,25,23
132,5,home,13,11
132,5,home,119,91
132,5,home,96,79
132,5,home,125,97
132,5,home,162,129
132,5,home,22,20
132,5,home,23,21
132,5,home,134,104
132,5,home,204,169
132,5,home,386,190
132,5,home,385,189
132,5,home,145,115
134,5,visitor,4,2
134,5,visitor,14,12
134,5,visitor,202,167
134,5,visitor,20,18
134,5,visitor,17,15
134,5,visitor,376,180
134,5,visitor,140,110
134,5,visitor,377,181
134,5,visitor,3,1
134,5,visitor,15,13
134,5,visitor,7,5
134,5,visitor,148,118
134,5,visitor,379,183
134,5,visitor,19,17
134,5,visitor,182,149
134,5,visitor,18,16
134,5,visitor,381,185
134,5,visitor,95,78
134,5,visitor,51,49
135,5,home,64,62
135,5,home,54,52
135,5,home,175,142
135,5,home,129,101
135,5,home,158,125
135,5,home,196,161
135,5,home,107,88
135,5,home,59,57
135,5,home,416,220
135,5,home,60,58
135,5,home,52,50
135,5,home,73,71
135,5,home,55,53
135,5,home,6,4
135,5,home,74,72
135,5,home,62,60
135,5,home,419,223
135,5,home,420,224
135,5,home,417,221
136,5,visitor,70,68
136,5,visitor,405,209
136,5,visitor,65,63
136,5,visitor,76,74
136,5,visitor,69,67
136,5,visitor,58,56
136,5,visitor,67,65
136,5,visitor,403,207
136,5,visitor,77,75
136,5,visitor,68,66
136,5,visitor,404,208
136,5,visitor,75,73
136,5,visitor,161,128
136,5,visitor,108,89
136,5,visitor,78,76
136,5,visitor,428,232
136,5,visitor,410,214
136,5,visitor,105,86
136,5,visitor,406,210
143,5,home,164,131
143,5,home,425,229
143,5,home,38,36
143,5,home,401,205
143,5,home,44,42
143,5,home,35,33
143,5,home,402,206
143,5,home,106,87
143,5,home,423,227
143,5,home,46,44
143,5,home,39,37
143,5,home,42,40
143,5,home,426,230
143,5,home,37,35
143,5,home,49,47
143,5,home,400,204
143,5,home,427,231
143,5,home,11,9
143,5,home,47,45
178,5,home,64,62
178,5,home,54,52
178,5,home,415,219
178,5,home,175,142
178,5,home,129,101
178,5,home,158,125
178,5,home,196,161
178,5,home,59,57
178,5,home,416,220
178,5,home,60,58
178,5,home,413,217
178,5,home,73,71
178,5,home,55,53
178,5,home,6,4
178,5,home,74,72
178,5,home,62,60
178,5,home,419,223
178,5,home,420,224
178,5,home,417,221
148,5,home,40,38
148,5,home,164,131
148,5,home,425,229
148,5,home,38,36
148,5,home,401,205
148,5,home,44,42
148,5,home,35,33
148,5,home,402,206
148,5,home,106,87
148,5,home,423,227
148,5,home,46,44
148,5,home,39,37
148,5,home,42,40
148,5,home,426,230
148,5,home,37,35
148,5,home,49,47
148,5,home,400,204
148,5,home,427,231
148,5,home,11,9
149,5,home,127,99
149,5,home,392,196
149,5,home,399,203
149,5,home,34,32
149,5,home,191,156
149,5,home,103,84
149,5,home,394,198
149,5,home,41,39
149,5,home,395,199
149,5,home,171,138
149,5,home,126,98
149,5,home,102,83
149,5,home,144,114
149,5,home,146,116
149,5,home,33,31
149,5,home,28,26
149,5,home,32,30
149,5,home,53,51
149,5,home,396,200
151,5,home,64,62
151,5,home,54,52
151,5,home,415,219
151,5,home,175,142
151,5,home,129,101
151,5,home,158,125
151,5,home,196,161
151,5,home,59,57
151,5,home,416,220
151,5,home,60,58
151,5,home,413,217
151,5,home,73,71
151,5,home,55,53
151,5,home,74,72
151,5,home,62,60
151,5,home,419,223
151,5,home,420,224
151,5,home,417,221
152,5,visitor,127,99
152,5,visitor,392,196
152,5,visitor,399,203
152,5,visitor,34,32
152,5,visitor,191,156
152,5,visitor,103,84
152,5,visitor,394,198
152,5,visitor,395,199
152,5,visitor,171,138
152,5,visitor,126,98
152,5,visitor,144,114
152,5,visitor,397,201
152,5,visitor,146,116
152,5,visitor,33,31
152,5,visitor,28,26
152,5,visitor,32,30
152,5,visitor,53,51
152,5,visitor,398,202
152,5,visitor,396,200
153,5,home,26,24
153,5,home,388,192
153,5,home,132,102
153,5,home,384,188
153,5,home,25,23
153,5,home,27,25
153,5,home,391,195
153,5,home,13,11
153,5,home,96,79
153,5,home,125,97
153,5,home,118,90
153,5,home,162,129
153,5,home,22,20
153,5,home,23,21
153,5,home,134,104
153,5,home,204,169
153,5,home,386,190
153,5,home,385,189
153,5,home,145,115
156,5,visitor,26,24
156,5,visitor,388,192
156,5,visitor,132,102
156,5,visitor,25,23
156,5,visitor,27,25
156,5,visitor,391,195
156,5,visitor,13,11
156,5,visitor,119,91
156,5,visitor,96,79
156,5,visitor,125,97
156,5,visitor,118,90
156,5,visitor,162,129
156,5,visitor,22,20
156,5,visitor,23,21
156,5,visitor,134,104
156,5,visitor,204,169
156,5,visitor,386,190
156,5,visitor,385,189
156,5,visitor,145,115
181,5,visitor,64,62
181,5,visitor,54,52
181,5,visitor,415,219
181,5,visitor,175,142
181,5,visitor,129,101
181,5,visitor,158,125
181,5,visitor,196,161
181,5,visitor,59,57
181,5,visitor,416,220
181,5,visitor,60,58
181,5,visitor,52,50
181,5,visitor,413,217
181,5,visitor,73,71
181,5,visitor,55,53
181,5,visitor,6,4
181,5,visitor,62,60
181,5,visitor,419,223
181,5,visitor,420,224
181,5,visitor,417,221
183,5,visitor,26,24
183,5,visitor,388,192
183,5,visitor,387,191
183,5,visitor,132,102
183,5,visitor,25,23
183,5,visitor,27,25
183,5,visitor,391,195
183,5,visitor,13,11
183,5,visitor,96,79
183,5,visitor,125,97
183,5,visitor,118,90
183,5,visitor,162,129
183,5,visitor,22,20
183,5,visitor,23,21
183,5,visitor,134,104
183,5,visitor,204,169
183,5,visitor,386,190
183,5,visitor,385,189
183,5,visitor,145,115
166,5,home,127,99
166,5,home,392,196
166,5,home,399,203
166,5,home,34,32
166,5,home,103,84
166,5,home,394,198
166,5,home,395,199
166,5,home,171,138
166,5,home,161,128
166,5,home,126,98
166,5,home,102,83
166,5,home,144,114
166,5,home,397,201
166,5,home,146,116
166,5,home,192,157
166,5,home,33,31
166,5,home,28,26
166,5,home,32,30
166,5,home,53,51
170,5,home,127,99
170,5,home,392,196
170,5,home,399,203
170,5,home,34,32
170,5,home,103,84
170,5,home,394,198
170,5,home,395,199
170,5,home,171,138
170,5,home,161,128
170,5,home,126,98
170,5,home,102,83
170,5,home,144,114
170,5,home,397,201
170,5,home,146,116
170,5,home,192,157
170,5,home,33,31
170,5,home,28,26
170,5,home,32,30
170,5,home,53,51
171,5,home,4,2
171,5,home,14,12
171,5,home,202,167
171,5,home,20,18
171,5,home,17,15
171,5,home,29,27
171,5,home,376,180
171,5,home,140,110
171,5,home,3,1
171,5,home,15,13
171,5,home,7,5
171,5,home,148,118
171,5,home,379,183
171,5,home,10,8
171,5,home,19,17
171,5,home,18,16
171,5,home,381,185
171,5,home,95,78
171,5,home,51,49
187,5,visitor,70,68
187,5,visitor,405,209
187,5,visitor,65,63
187,5,visitor,76,74
187,5,visitor,69,67
187,5,visitor,58,56
187,5,visitor,63,61
187,5,visitor,67,65
187,5,visitor,77,75
187,5,visitor,68,66
187,5,visitor,404,208
187,5,visitor,128,100
187,5,visitor,408,212
187,5,visitor,75,73
187,5,visitor,108,89
187,5,visitor,78,76
187,5,visitor,105,86
187,5,visitor,396,200
187,5,visitor,406,210
186,5,home,26,24
186,5,home,388,192
186,5,home,387,191
186,5,home,132,102
186,5,home,25,23
186,5,home,27,25
186,5,home,13,11
186,5,home,119,91
186,5,home,96,79
186,5,home,125,97
186,5,home,118,90
186,5,home,162,129
186,5,home,22,20
186,5,home,23,21
186,5,home,134,104
186,5,home,204,169
186,5,home,386,190
186,5,home,385,189
186,5,home,145,115
191,5,home,64,62
191,5,home,54,52
191,5,home,415,219
191,5,home,129,101
191,5,home,158,125
191,5,home,196,161
191,5,home,107,88
191,5,home,59,57
191,5,home,416,220
191,5,home,60,58
191,5,home,52,50
191,5,home,73,71
191,5,home,55,53
191,5,home,6,4
191,5,home,74,72
191,5,home,62,60
191,5,home,419,223
191,5,home,420,224
191,5,home,417,221
197,6,home,127,99
197,6,home,392,196
197,6,home,399,203
197,6,home,34,32
197,6,home,103,84
197,6,home,394,198
197,6,home,41,39
197,6,home,395,199
197,6,home,171,138
197,6,home,161,128
197,6,home,126,98
197,6,home,102,83
197,6,home,144,114
197,6,home,397,201
197,6,home,192,157
197,6,home,33,31
197,6,home,28,26
197,6,home,32,30
197,6,home,53,51
200,6,visitor,127,99
200,6,visitor,392,196
200,6,visitor,399,203
200,6,visitor,34,32
200,6,visitor,103,84
200,6,visitor,394,198
200,6,visitor,41,39
200,6,visitor,395,199
200,6,visitor,171,138
200,6,visitor,161,128
200,6,visitor,126,98
200,6,visitor,102,83
200,6,visitor,144,114
200,6,visitor,397,201
200,6,visitor,192,157
200,6,visitor,33,31
200,6,visitor,28,26
200,6,visitor,32,30
200,6,visitor,53,51
206,6,visitor,26,24
206,6,visitor,388,192
206,6,visitor,387,191
206,6,visitor,384,188
206,6,visitor,25,23
206,6,visitor,27,25
206,6,visitor,391,195
206,6,visitor,13,11
206,6,visitor,96,79
206,6,visitor,125,97
206,6,visitor,118,90
206,6,visitor,162,129
206,6,visitor,22,20
206,6,visitor,23,21
206,6,visitor,134,104
206,6,visitor,204,169
206,6,visitor,386,190
206,6,visitor,385,189
206,6,visitor,145,115
333,7,visitor,64,62
333,7,visitor,392,196
333,7,visitor,399,203
333,7,visitor,535,291
333,7,visitor,175,142
333,7,visitor,476,237
333,7,visitor,171,138
333,7,visitor,541,297
333,7,visitor,119,91
333,7,visitor,377,181
333,7,visitor,15,13
333,7,visitor,404,208
333,7,visitor,538,294
333,7,visitor,36,34
333,7,visitor,536,292
333,7,visitor,539,295
333,7,visitor,537,293
333,7,visitor,51,49
336,7,home,481,242
336,7,home,415,219
336,7,home,39,37
336,7,home,533,289
336,7,home,532,288
336,7,home,129,101
336,7,home,411,215
336,7,home,107,88
336,7,home,416,220
336,7,home,60,58
336,7,home,413,217
336,7,home,480,241
336,7,home,530,286
336,7,home,74,72
336,7,home,472,235
336,7,home,138,108
336,7,home,479,240
336,7,home,417,221
336,7,home,478,239
212,8,home,73,71
212,8,home,481,242
212,8,home,415,219
212,8,home,129,101
212,8,home,40,38
212,8,home,107,88
212,8,home,59,57
212,8,home,416,220
212,8,home,60,58
212,8,home,413,217
212,8,home,480,241
212,8,home,55,53
212,8,home,530,286
212,8,home,74,72
212,8,home,138,108
212,8,home,479,240
212,8,home,419,223
212,8,home,417,221
213,8,visitor,34,32
213,8,visitor,103,84
213,8,visitor,44,42
213,8,visitor,41,39
213,8,visitor,63,61
213,8,visitor,395,199
213,8,visitor,161,128
213,8,visitor,126,98
213,8,visitor,7,5
213,8,visitor,102,83
213,8,visitor,6,4
213,8,visitor,192,157
213,8,visitor,33,31
213,8,visitor,53,51
213,8,visitor,398,202
213,8,visitor,496,253
213,8,visitor,516,272
213,8,visitor,96,79
213,8,visitor,518,274
214,8,visitor,402,206
214,8,visitor,180,147
214,8,visitor,425,229
214,8,visitor,401,205
214,8,visitor,106,87
214,8,visitor,403,207
214,8,visitor,11,9
214,8,visitor,529,285
214,8,visitor,42,40
214,8,visitor,426,230
214,8,visitor,521,277
214,8,visitor,489,249
214,8,visitor,524,280
214,8,visitor,49,47
214,8,visitor,400,204
214,8,visitor,32,30
214,8,visitor,62,60
214,8,visitor,47,45
214,8,visitor,485,245
215,8,visitor,554,310
215,8,visitor,405,209
215,8,visitor,545,301
215,8,visitor,376,180
215,8,visitor,394,198
215,8,visitor,196,161
215,8,visitor,423,227
215,8,visitor,13,11
215,8,visitor,52,50
215,8,visitor,144,114
215,8,visitor,162,129
215,8,visitor,148,118
215,8,visitor,388,192
215,8,visitor,495,252
215,8,visitor,108,89
215,8,visitor,204,169
215,8,visitor,488,248
215,8,visitor,550,306
215,8,visitor,145,115
216,8,home,392,196
216,8,home,399,203
216,8,home,175,142
216,8,home,38,36
216,8,home,476,237
216,8,home,4,2
216,8,home,171,138
216,8,home,119,91
216,8,home,377,181
216,8,home,127,99
216,8,home,15,13
216,8,home,538,294
216,8,home,36,34
216,8,home,404,208
216,8,home,539,295
216,8,home,51,49
216,8,home,406,210
216,8,home,420,224
217,8,visitor,554,310
217,8,visitor,405,209
217,8,visitor,545,301
217,8,visitor,376,180
217,8,visitor,394,198
217,8,visitor,196,161
217,8,visitor,423,227
217,8,visitor,13,11
217,8,visitor,52,50
217,8,visitor,144,114
217,8,visitor,162,129
217,8,visitor,148,118
217,8,visitor,388,192
217,8,visitor,495,252
217,8,visitor,108,89
217,8,visitor,204,169
217,8,visitor,488,248
217,8,visitor,550,306
217,8,visitor,145,115
