Date,Apartment,Apartment (old),Townhome,Stacked,Other,Total Condo
14-Mar-22,83,71,26,12,0,109
21-Mar-22,64,55,34,9,0,98
28-Mar-22,79,64,29,15,0,108
4-Apr-22,75,59,27,16,1,103
11-Apr-22,84,58,25,26,0,109
18-Apr-22,78,55,23,23,0,101
25-Apr-22,27,5,63,22,1,91
2-May-22,167,61,29,106,1,197
9-May-22,72,52,28,20,1,101
16-May-22,79,59,34,20,0,113
23-May-22,67,58,31,9,0,98
30-May-22,48,41,19,7,0,67
6-Jun-22,64,51,22,13,0,86
13-Jun-22,55,43,30,12,0,85
20-Jun-22,52,48,23,4,0,75
27-Jun-22,55,43,22,12,0,77
4-Jul-22,47,34,14,13,0,61
11-Jul-22,36,28,17,8,1,54
18-Jul-22,44,34,21,10,0,65
25-Jul-22,47,35,17,12,0,64
1-Aug-22,40,33,9,7,1,50
8-Aug-22,40,33,8,7,1,49
15-Aug-22,49,36,22,13,0,71
22-Aug-22,48,40,17,8,0,65
29-Aug-22,34,26,20,8,1,55
5-Sep-22,33,24,14,9,0,47
12-Sep-22,30,24,9,6,1,40
19-Sep-22,51,45,17,6,1,69
26-Sep-22,48,40,16,8,1,65
3-Oct-22,33,25,14,8,0,47
10-Oct-22,28,21,18,7,0,46
17-Oct-22,28,18,15,10,0,43
24-Oct-22,49,40,19,9,0,68
31-Oct-22,26,19,14,7,0,40
7-Nov-22,30,22,9,8,0,39
14-Nov-22,32,27,16,5,0,48
21-Nov-22,24,18,6,6,0,30
28-Nov-22,22,18,18,4,0,40
5-Dec-22,31,23,9,8,0,40
12-Dec-22,24,19,9,5,1,34
19-Dec-22,19,17,12,2,0,31
2-Jan-23,12,12,1,0,0,13
9-Jan-23,11,8,9,3,0,20
16-Jan-23,24,19,11,5,0,35
23-Jan-23,22,19,8,3,0,30
30-Jan-23,27,23,8,4,1,36
6-Feb-23,29,25,13,4,0,42
13-Feb-23,36,33,18,3,0,54
20-Feb-23,42,31,8,11,0,50
27-Feb-23,27,22,15,5,0,42
6-Mar-23,42,33,16,9,1,59
13-Mar-23,47,39,10,8,0,57
20-Mar-23,36,22,11,14,0,47
27-Mar-23,49,40,16,9,0,65
3-Apr-23,64,54,16,10,0,80
10-Apr-23,44,35,27,9,0,71
17-Apr-23,47,35,18,12,0,65
24-Apr-23,54,44,18,10,2,74
1-May-23,59,45,25,14,0,84
8-May-23,66,54,22,12,0,88
15-May-23,76,64,31,12,1,108
22-May-23,88,71,20,17,0,108
29-May-23,54,44,23,10,0,77
5-Jun-23,69,53,35,16,1,105
12-Jun-23,63,47,11,16,2,76
19-Jun-23,72,59,27,13,0,99
26-Jun-23,59,51,25,8,0,84
3-Jul-23,53,46,18,7,1,72
10-Jul-23,37,28,13,9,0,50
17-Jul-23,45,37,19,8,0,64
24-Jul-23,53,42,18,11,0,71
31-Jul-23,42,35,19,7,0,61
7-Aug-23,52,44,15,8,0,67
14-Aug-23,41,32,15,9,1,57
21-Aug-23,43,34,15,9,1,59
28-Aug-23,44,30,12,14,0,56
4-Sep-23,35,28,12,7,0,47
11-Sep-23,25,20,13,5,0,38
18-Sep-23,42,32,12,10,0,54
25-Sep-23,44,36,10,8,1,55
2-Oct-23,46,39,19,7,0,65
9-Oct-23,39,30,17,9,0,56
16-Oct-23,33,27,14,6,0,47
23-Oct-23,34,27,10,7,0,44
30-Oct-23,27,22,15,5,1,43
6-Nov-23,34,27,11,7,0,45
13-Nov-23,26,19,15,7,0,41
20-Nov-23,28,22,11,6,0,39
27-Nov-23,31,24,13,7,0,44
4-Dec-23,31,25,11,6,0,42
11-Dec-23,23,18,16,5,0,39
18-Dec-23,21,16,14,5,0,35
25-Dec-23,21,18,10,3,0,31
1-Jan-24,14,11,3,3,0,17
8-Jan-24,24,18,1,6,1,26
15-Jan-24,20,16,13,4,0,33
22-Jan-24,12,11,8,1,0,20
29-Jan-24,31,27,16,4,0,47
5-Feb-24,47,37,9,10,0,56
12-Feb-24,34,27,19,7,0,53
19-Feb-24,41,33,16,8,1,58
26-Feb-24,38,32,14,6,0,52
4-Mar-24,38,30,14,8,2,54
11-Mar-24,45,34,22,11,1,68
18-Mar-24,58,49,13,9,0,71
25-Mar-24,44,32,18,12,0,62
1-Apr-24,61,50,11,11,0,72
8-Apr-24,51,37,17,14,0,68
15-Apr-24,57,46,29,11,0,86
22-Apr-24,59,47,27,12,2,88
29-Apr-24,52,41,18,11,1,71
6-May-24,44,32,24,12,1,69
13-May-24,59,48,26,11,1,86
20-May-24,65,51,22,14,1,88
27-May-24,46,34,26,12,0,72
3-Jun-24,66,53,34,13,2,102
10-Jun-24,57,42,19,15,0,76
17-Jun-24,71,55,21,16,0,92
24-Jun-24,61,51,23,10,2,86
1-Jul-24,55,48,20,7,0,75
8-Jul-24,46,37,18,9,0,64
15-Jul-24,42,35,15,7,1,58
22-Jul-24,48,35,17,13,1,66
29-Jul-24,53,45,19,8,1,73
5-Aug-24,46,37,13,9,0,59
12-Aug-24,30,25,13,5,0,43
19-Aug-24,57,39,20,18,0,77
26-Aug-24,40,30,14,10,0,54
2-Sep-24,44,33,17,11,1,62
9-Sep-24,34,24,13,10,0,47
16-Sep-24,58,41,15,17,1,74
23-Sep-24,48,37,10,11,0,58
30-Sep-24,42,32,14,10,1,57
7-Oct-24,38,32,10,6,1,49
14-Oct-24,42,37,24,5,1,67
21-Oct-24,31,22,20,9,1,52
28-Oct-24,38,29,8,9,0,46
4-Nov-24,51,38,20,13,0,71
11-Nov-24,30,19,18,11,1,49
18-Nov-24,39,29,17,10,1,57
25-Nov-24,36,36,13,0,0,49
2-Dec-24,30,30,11,0,1,42
9-Dec-24,36,36,10,,1,47
16-Dec-24,21,18,15,3,0,36
23-Dec-24,26,21,18,5,0,44
30-Dec-24,16,13,1,3,0,17
6-Jan-25,10,9,8,1,0,18
13-Jan-25,22,17,9,5,0,31
20-Jan-25,33,25,8,8,0,41
27-Jan-25,43,26,5,17,1,49
3-Feb-25,29,24,19,5,0,48
10-Feb-25,33,30,14,3,0,47
17-Feb-25,43,38,11,5,0,54
24-Feb-25,32,29,7,3,0,39
3-Mar-25,39,36,20,3,0,59
10-Mar-25,30,26,20,4,1,51
17-Mar-25,39,33,28,6,,67
24-Mar-25,39,35,24,4,0,63
31-Mar-25,49,47,27,2,1,77
7-Apr-25,46,45,17,1,0,63
14-Apr-25,42,39,30,3,0,72
21-Apr-25,46,44,20,2,1,67
28-Apr-25,32,29,36,3,0,68
5-May-25,50,39,29,11,0,79
12-May-25,47,47,25,0,0,72
19-May-25,46,46,39,0,0,85
26-May-25,39,39,32,0,0,71
2-Jun-25,40,40,36,0,0,76
9-Jun-25,59,59,24,0,0,83
16-Jun-25,40,40,28,0,0,68
23-Jun-25,43,43,30,0,0,73
30-Jun-25,32,32,33,0,0,65
7-Jul-25,36,36,26,0,0,62
14-Jul-25,36,36,29,0,0,65
21-Jul-25,32,32,29,0,0,61
28-Jul-25,39,39,21,0,0,60
4-Aug-25,36,36,18,,0,54
11-Aug-25,25,25,17,,1,43
18-Aug-25,40,,26,,0,66
25-Aug-25,36,,26,,0,62
1-Sep-25,41,,26,,0,67
8-Sep-25,25,,16,,0,41
15-Sep-25,42,,22,,0,64
22-Sep-25,33,,24,,1,58
29-Sep-25,39,,23,,0,62
6-Oct-25,34,,28,,0,62
13-Oct-25,27,,20,,0,47
20-Oct-25,19,,21,,0,40
27-Oct-25,34,,23,,0,57
3-Nov-25,26,,18,,0,44
10-Nov-25,40,,26,,0,66
17-Nov-25,29,,13,,1,43
24-Nov-25,13,,27,,0,40
1-Dec-25,25,,23,,1,49
8-Dec-25,19,,14,,0,33
15-Dec-25,18,,18,,0,36
22-Dec-25,18,,19,,0,37
29-Dec-25,10,,7,,1,18
5-Jan-26,9,,4,,0,13
12-Jan-26,15,,7,,0,22
19-Jan-26,19,,13,,0,32
26-Jan-26,25,,21,,0,46
2-Feb-26,32,,23,,0,55
9-Feb-26,31,,19,,0,50
16-Feb-26,25,,27,,0,52
23-Feb-26,23,,27,,0,50
2-Mar-26,37,,28,,0,65
9-Mar-26,30,,19,,0,49
16-Mar-26,37,,17,,2,56
23-Mar-26,30,,24,,0,54
30-Mar-26,28,,26,,1,55
6-Apr-26,30,,19,,0,49
13-Apr-26,31,,20,,0,51
20-Apr-26,47,,30,,0,77
27-Apr-26,34,,34,,0,68
4-May-26,39,,25,,1,65
11-May-26,38,,21,,2,61
18-May-26,43,,31,,1,75
25-May-26,38,,26,,0,64
1-Jun-26,53,,28,,1,82
8-Jun-26,40,,21,,1,62
15-Jun-26,38,,32,,2,72
22-Jun-26,43,,27,,0,70
29-Jun-26,28,,24,,1,53
6-Jul-26,35,,20,,0,55
13-Jul-26,34,,33,,1,68
20-Jul-26,24,,28,,1,53
27-Jul-26,37,,29,,1,67
3-Aug-26,37,,20,,0,57
10-Aug-26,21,,7,,1,29
17-Aug-26,34,,19,,0,53
24-Aug-26,20,,27,,0,47
31-Aug-26,30,,12,,0,42