Date,Property Type,No. Of Active Listings,No. Of Conditional Sales,No. Of Sold Properties, Average List Price , Average Sold Prices ,Average List/Sold %,Average DOM,Average CDOM, Median List Price , Median Sold Price ,Median List/ Sold %,Median DOM,Median CDOM
13-Sep-21,Condos,79,40,78," $ 485,285 "," $ 480,214 ",98.96%,29,," $ 399,900 "," $ 399,950 ",100.01%,21,
20-Sep-21,Condos,79,40,78," $ 485,285 "," $ 480,214 ",98.96%,29,," $ 399,900 "," $ 399,950 ",100.01%,21,
27-Sep-21,Condos,121,55,52," $ 418,871 "," $ 420,506 ",100.39%,21,," $ 409,900 "," $ 412,500 ",100.63%,13,
4-Oct-21,Condos,104,51,112," $ 428,105 "," $ 418,228 ",97.69%,19,," $ 399,900 "," $ 397,450 ",99.39%,13,
11-Oct-21,Condos,104,51,112," $ 428,105 "," $ 418,228 ",97.69%,19,," $ 399,900 "," $ 397,450 ",99.39%,13,
18-Oct-21,Condos,115,36,74," $ 430,436 "," $ 430,745 ",100.07%,22,," $ 399,900 "," $ 412,500 ",103.15%,13,
25-Oct-21,Condos,113,60,74," $ 425,193 "," $ 429,354 ",100.98%,23,," $ 389,900 "," $ 385,000 ",98.74%,13,
1-Nov-21,Condos,87,50,97," $ 409,684 "," $ 408,666 ",99.75%,28,," $ 379,900 "," $ 385,000 ",101.34%,16,
8-Nov-21,Condos,82,48,74," $ 405,009 "," $ 392,272 ",96.86%,21,," $ 369,900 "," $ 380,000 ",102.73%,13,
15-Nov-21,Condos,95,40,91," $ 375,135 "," $ 377,520 ",100.64%,20,," $ 374,900 "," $ 371,500 ",99.09%,15,
22-Nov-21,Condos,72,45,86," $ 448,421 "," $ 438,910 ",97.88%,24,," $ 389,950 "," $ 385,000 ",98.73%,14,
29-Nov-21,Condos,85,54,76," $ 475,914 "," $ 480,525 ",100.97%,31,," $ 422,400 "," $ 423,000 ",100.14%,21,
6-Dec-21,Condos,84,45,84," $ 442,773 "," $ 443,739 ",100.22%,28,," $ 399,900 "," $ 400,000 ",100.03%,15,
13-Dec-21,Condos,71,41,87," $ 431,792 "," $ 437,549 ",101.33%,26,," $ 399,900 "," $ 410,000 ",102.53%,15,
20-Dec-21,Condos,61,42,71," $ 392,246 "," $ 407,761 ",103.96%,19,," $ 375,000 "," $ 398,000 ",106.13%,9,
27-Dec-21,Condos,47,35,77," $ 378,908 "," $ 392,990 ",103.72%,24,," $ 359,900 "," $ 367,000 ",101.97%,13,
3-Jan-22,Condos,29,32,61," $ 395,627 "," $ 413,392 ",104.49%,26,," $ 349,900 "," $ 394,000 ",112.60%,14,
10-Jan-22,Condos,54,23,40," $ 464,362 "," $ 466,346 ",100.43%,35,," $ 372,400 "," $ 376,750 ",101.17%,23,
17-Jan-22,Condos,49,31,58," $ 430,652 "," $ 449,542 ",104.39%,32,," $ 404,900 "," $ 437,050 ",107.94%,8,
24-Jan-22,Condos,55,23,81," $ 410,836 "," $ 438,772 ",106.80%,24,," $ 395,000 "," $ 420,000 ",106.33%,7,
31-Jan-22,Condos,50,26,63," $ 449,665 "," $ 476,700 ",106.01%,20,," $ 389,900 "," $ 435,000 ",111.57%,6,
2-Feb-22,Condos,183,21,60," $ 402,538 "," $ 442,035 ",109.81%,19,," $ 399,900 "," $ 460,500 ",115.15%,7,
14-Feb-22,Condos,53,20,95," $ 452,756 "," $ 490,764 ",108.39%,18,," $ 424,900 "," $ 500,000 ",117.67%,7,
21-Feb-22,Condos,72,12,75," $ 436,329 "," $ 469,829 ",107.68%,19,," $ 395,000 "," $ 425,000 ",107.59%,7,
28-Feb-22,Condos,92,19,68," $ 423,596 "," $ 474,710 ",112.07%,19,," $ 394,450 "," $ 447,500 ",113.45%,6,
7-Mar-22,Condos,111,14,99," $ 438,511 "," $ 487,200 ",111.10%,12,," $ 415,000 "," $ 481,000 ",115.90%,6,
14-Mar-22,Condos,91,17,109," $ 450,409 "," $ 496,794 ",110.30%,9,," $ 419,900 "," $ 475,499 ",113.24%,6,
21-Mar-22,Condos,98,18,100," $ 419,311 "," $ 466,778 ",111.32%,11,," $ 399,900 "," $ 460,751 ",115.22%,6,
28-Mar-22,Condos,119,10,108," $ 447,858 "," $ 493,603 ",110.21%,13,," $ 434,450 "," $ 480,000 ",110.48%,6,
4-Apr-22,Condos,124,15,103," $ 407,068 "," $ 456,572 ",112.16%,9,," $ 399,900 "," $ 430,000 ",107.53%,6,
11-Apr-22,Condos,127,17,109," $ 451,647 "," $ 492,092 ",108.96%,10,," $ 409,900 "," $ 466,250 ",113.75%,6,
18-Apr-22,Condos,95,22,101," $ 459,536 "," $ 497,430 ",108.25%,9,," $ 399,900 "," $ 480,000 ",120.03%,6,
25-Apr-22,Condos,301,19,91," $ 425,284 "," $ 453,094 ",106.54%,13,," $ 409,900 "," $ 440,000 ",107.34%,7,
2-May-22,Condos,160,21,107," $ 432,949 "," $ 472,579 ",109.15%,11,," $ 409,900 "," $ 465,000 ",113.44%,6,
9-May-22,Condos,154,26,101," $ 461,128 "," $ 492,945 ",106.90%,10,," $ 419,900 "," $ 472,000 ",112.41%,7,
16-May-22,Condos,154,29,113," $ 471,245 "," $ 484,852 ",102.89%,12,," $ 430,000 "," $ 445,000 ",103.49%,7,
23-May-22,Condos,124,23,98," $ 435,096 "," $ 456,050 ",104.82%,14,," $ 399,450 "," $ 422,500 ",105.77%,7,
30-May-22,Condos,95,29,67," $ 445,482 "," $ 466,776 ",104.78%,12,," $ 398,900 "," $ 435,000 ",109.05%,8,
6-Jun-22,Condos,136,31,86," $ 421,817 "," $ 431,947 ",102.40%,16,," $ 399,400 "," $ 415,000 ",103.91%,12,
13-Jun-22,Condos,124,29,85," $ 421,790 "," $ 484,857 ",114.95%,12,," $ 399,900 "," $ 437,500 ",109.40%,7,
20-Jun-22,Condos,138,35,75," $ 437,733 "," $ 448,791 ",102.53%,13,," $ 399,900 "," $ 426,000 ",106.53%,8,
27-Jun-22,Condos,146,40,77," $ 433,674 "," $ 434,369 ",100.16%,15,," $ 424,800 "," $ 425,000 ",100.05%,11,
4-Jul-22,Condos,95,35,61," $ 465,225 "," $ 462,737 ",99.47%,17,," $ 439,000 "," $ 440,000 ",100.23%,10,
11-Jul-22,Condos,117,37,54," $ 441,265 "," $ 439,485 ",99.60%,18,," $ 422,450 "," $ 420,000 ",99.42%,14,
18-Jul-22,Condos,129,33,65," $ 438,467 "," $ 436,837 ",99.63%,21,," $ 409,999 "," $ 410,000 ",100.00%,20,
25-Jul-22,Condos,118,36,64," $ 399,838 "," $ 399,750 ",99.98%,22,," $ 390,000 "," $ 394,500 ",101.15%,20,
1-Aug-22,Condos,82,52,50," $ 440,094 "," $ 439,297 ",99.82%,21,," $ 402,500 "," $ 402,500 ",100.00%,15,
8-Aug-22,Condos,82,42,49," $ 449,231 "," $ 443,265 ",98.67%,27,," $ 389,900 "," $ 387,000 ",99.26%,17,
15-Aug-22,Condos,114,41,71," $ 426,460 "," $ 416,500 ",97.66%,27,," $ 420,000 "," $ 402,000 ",95.71%,21,
22-Aug-22,Condos,93,44,65," $ 445,649 "," $ 431,332 ",96.79%,28,," $ 414,000 "," $ 406,000 ",98.07%,19,
29-Aug-22,Condos,71,38,55," $ 417,747 "," $ 412,393 ",98.72%,12,," $ 407,450 "," $ 400,000 ",98.17%,11,
5-Sep-22,Condos,88,45,47," $ 502,045 "," $ 494,975 ",98.59%,34,," $ 424,900 "," $ 420,000 ",98.85%,27,
12-Sep-22,Condos,102,48,40," $ 490,942 "," $ 488,411 ",99.48%,27,," $ 424,900 "," $ 412,600 ",97.11%,21,
19-Sep-22,Condos,125,40,69," $ 413,316 "," $ 406,624 ",98.38%,28,," $ 395,000 "," $ 385,000 ",97.47%,20,
26-Sep-22,Condos,105,37,65," $ 478,520 "," $ 468,599 ",97.93%,34,," $ 425,000 "," $ 415,000 ",97.65%,27,
3-Oct-22,Condos,103,30,47," $ 446,844 "," $ 436,073 ",97.59%,20,," $ 399,900 "," $ 395,000 ",98.77%,15,
10-Oct-22,Condos,100,51,46," $ 475,145 "," $ 466,907 ",98.27%,29,," $ 434,950 "," $ 429,000 ",98.63%,20,
17-Oct-22,Condos,72,45,43," $ 468,474 "," $ 456,147 ",97.37%,28,," $ 415,000 "," $ 405,500 ",97.71%,21,
24-Oct-22,Condos,97,29,68," $ 493,459 "," $ 481,863 ",97.65%,27,," $ 422,450 "," $ 410,500 ",97.17%,23,
31-Oct-22,Condos,87,29,40," $ 395,515 "," $ 383,798 ",97.04%,32,44," $ 399,900 "," $ 383,500 ",95.90%,24,27
7-Nov-22,Condos,91,38,39," $ 407,964 "," $ 396,728 ",97.25%,26,42," $ 399,900 "," $ 395,000 ",98.77%,18,27
14-Nov-22,Condos,82,29,48," $ 425,148 "," $ 415,249 ",97.67%,30,49," $ 399,900 "," $ 386,000 ",96.52%,25,41
21-Nov-22,Condos,53,35,30," $ 406,827 "," $ 397,110 ",97.61%,27,44," $ 372,450 "," $ 365,000 ",98.00%,22,40
28-Nov-22,Condos,68,35,40," $ 455,294 "," $ 445,472 ",97.84%,28,39," $ 409,500 "," $ 415,000 ",101.34%,24,30
5-Dec-22,Condos,60,24,40," $ 469,962 "," $ 457,488 ",97.35%,29,52," $ 411,400 "," $ 390,000 ",94.80%,22,22
12-Dec-22,Condos,58,34,34," $ 496,761 "," $ 482,618 ",97.15%,42,64," $ 399,900 "," $ 397,500 ",99.40%,34,64
19-Dec-22,Condos,37,26,31," $ 486,750 "," $ 467,884 ",96.12%,47,83," $ 419,500 "," $ 397,500 ",94.76%,42,75
2-Jan-23,Condos,23,15,13," $ 412,292 "," $ 395,312 ",95.88%,50,63," $ 389,900 "," $ 365,000 ",93.61%,49,76
9-Jan-23,Condos,57,23,20," $ 421,344 "," $ 408,740 ",97.01%,42,63," $ 386,950 "," $ 380,000 ",98.20%,29,46
16-Jan-23,Condos,61,29,35," $ 418,727 "," $ 402,514 ",96.13%,58,84," $ 399,900 "," $ 381,000 ",95.27%,44,72
23-Jan-23,Condos,70,7,30," $ 415,540 "," $ 402,907 ",96.96%,43,81," $ 394,950 "," $ 379,500 ",96.09%,28,73
30-Jan-23,Condos,63,40,36," $ 445,792 "," $ 432,742 ",97.07%,46,79," $ 399,950 "," $ 393,000 ",98.26%,43,62
6-Feb-23,Condos,88,48,42," $ 445,230 "," $ 425,502 ",95.57%,36,58," $ 399,450 "," $ 391,000 ",97.88%,15,25
13-Feb-23,Condos,61,40,54," $ 419,526 "," $ 410,457 ",97.84%,43,68," $ 399,450 "," $ 389,000 ",97.38%,28,59
20-Feb-23,Condos,58,42,50," $ 429,598 "," $ 421,064 ",98.01%,33,41," $ 426,000 "," $ 415,000 ",97.42%,20,22
27-Feb-23,Condos,75,47,42," $ 406,174 "," $ 399,061 ",98.25%,58,87," $ 392,000 "," $ 390,000 ",99.49%,31,95
6-Mar-23,Condos,75,48,59," $ 438,680 "," $ 426,764 ",97.28%,35,53," $ 399,900 "," $ 390,000 ",97.52%,21,26
13-Mar-23,Condos,90,43,57," $ 406,335 "," $ 398,573 ",98.09%,34,50," $ 379,900 "," $ 370,000 ",97.39%,26,28
20-Mar-23,Condos,89,54,47," $ 426,104 "," $ 420,439 ",98.67%,36,66," $ 418,800 "," $ 420,000 ",100.29%,20,34
27-Mar-23,Condos,104,66,65," $ 428,763 "," $ 419,059 ",97.74%,38,56," $ 399,900 "," $ 393,000 ",98.27%,24,28
3-Apr-23,Condos,223,130,176," $ 797,293 "," $ 788,745 ",98.93%,25,37," $ 719,500 "," $ 712,250 ",98.99%,12,13
10-Apr-23,Condos,72,45,71," $ 462,352 "," $ 454,459 ",98.29%,29,45," $ 409,900 "," $ 399,900 ",97.56%,19,21
17-Apr-23,Condos,89,64,65," $ 414,871 "," $ 407,918 ",98.32%,31,33," $ 399,900 "," $ 405,000 ",101.28%,20,21
24-Apr-23,Condos,101,66,74," $ 459,543 "," $ 451,975 ",98.35%,32,49," $ 434,900 "," $ 423,500 ",97.38%,22,24
1-May-23,Condos,70,75,84," $ 462,981 "," $ 454,487 ",98.17%,35,51," $ 441,950 "," $ 439,694 ",99.49%,21,26
8-May-23,Condos,108,97,88," $ 462,668 "," $ 455,978 ",98.55%,27,37," $ 419,900 "," $ 414,500 ",98.71%,19,19
15-May-23,Condos,105,78,108," $ 438,751 "," $ 466,322 ",106.28%,25,42," $ 409,900 "," $ 403,750 ",98.50%,16,17
22-May-23,Condos,96,75,108," $ 454,927 "," $ 449,846 ",98.88%,29,38," $ 416,500 "," $ 412,000 ",98.92%,19,22
29-May-23,Condos,71,71,77," $ 440,492 "," $ 436,258 ",99.04%,25,30," $ 399,990 "," $ 407,500 ",101.88%,16,17
5-Jun-23,Condos,125,57,105," $ 457,251 "," $ 453,291 ",99.13%,26,33," $ 419,900 "," $ 417,750 ",99.49%,15,17
12-Jun-23,Condos,105,72,76," $ 437,313 "," $ 432,568 ",98.91%,37,45," $ 419,450 "," $ 420,054 ",100.14%,22,23
19-Jun-23,Condos,116,58,99," $ 466,166 "," $ 462,008 ",99.11%,26,35," $ 415,000 "," $ 414,000 ",99.76%,18,21
26-Jun-23,Condos,104,56,84," $ 472,632 "," $ 472,004 ",99.87%,24,37," $ 424,900 "," $ 423,750 ",99.73%,16,18
3-Jul-23,Condos,71,52,72," $ 453,457 "," $ 450,274 ",99.30%,24,27," $ 429,890 "," $ 429,250 ",99.85%,17,19
10-Jul-23,Condos,91,50,50," $ 438,386 "," $ 435,353 ",99.31%,25,30," $ 419,950 "," $ 419,750 ",99.95%,15,21
17-Jul-23,Condos,94,62,64," $ 416,839 "," $ 409,227 ",98.17%,33,40," $ 390,950 "," $ 386,500 ",98.86%,22,26
24-Jul-23,Condos,80,57,71," $ 466,096 "," $ 460,441 ",98.79%,24,37," $ 410,000 "," $ 401,000 ",97.80%,15,16
31-Jul-23,Condos,88,55,61," $ 461,564 "," $ 456,561 ",98.92%,24,36," $ 410,000 "," $ 415,000 ",101.22%,15,17
7-Aug-23,Condos,104,48,67," $ 421,578 "," $ 415,280 ",98.51%,27,39," $ 399,900 "," $ 405,000 ",101.28%,21,27
14-Aug-23,Condos,113,56,57," $ 471,405 "," $ 465,061 ",98.65%,27,43," $ 429,900 "," $ 419,000 ",97.46%,18,26
21-Aug-23,Condos,84,50,59," $ 425,342 "," $ 419,015 ",98.51%,30,37," $ 399,000 "," $ 397,000 ",99.50%,19,21
28-Aug-23,Condos,85,47,56," $ 418,607 "," $ 411,263 ",98.25%,26,34," $ 399,900 "," $ 395,000 ",98.77%,16,18
4-Sep-23,Condos,54,43,47," $ 462,974 "," $ 455,301 ",98.34%,30,36," $ 429,900 "," $ 420,000 ",97.70%,22,23
11-Sep-23,Condos,108,47,38," $ 468,979 "," $ 462,730 ",98.67%,30,44," $ 429,450 "," $ 420,000 ",97.80%,20,27
18-Sep-23,Condos,94,56,54," $ 449,394 "," $ 440,011 ",97.91%,39,47," $ 410,500 "," $ 402,000 ",97.93%,28,42
25-Sep-23,Condos,115,56,55," $ 430,022 "," $ 421,518 ",98.02%,27,42," $ 409,900 "," $ 402,000 ",98.07%,21,26
2-Oct-23,Condos,93,46,65," $ 451,777 "," $ 442,665 ",97.98%,27,43," $ 419,900 "," $ 405,000 ",96.45%,20,22
9-Oct-23,Condos,105,26,56," $ 443,289 "," $ 499,066 ",112.58%,27,42," $ 399,450 "," $ 395,000 ",98.89%,17,27
16-Oct-23,Condos,98,35,47," $ 484,594 "," $ 472,590 ",97.52%,42,72," $ 399,900 "," $ 385,000 ",96.27%,35,55
23-Oct-23,Condos,88,45,44," $ 446,695 "," $ 435,120 ",97.41%,37,47," $ 399,900 "," $ 389,500 ",97.40%,28,34
30-Oct-23,Condos,82,39,43," $ 453,774 "," $ 444,549 ",97.97%,33,47," $ 399,900 "," $ 399,000 ",99.77%,23,26
6-Nov-23,Condos,86,34,45," $ 452,466 "," $ 443,344 ",97.98%,30,43," $ 399,000 "," $ 397,000 ",99.50%,21,30
13-Nov-23,Condos,82,45,41," $ 461,390 "," $ 448,861 ",97.28%,32,38," $ 400,000 "," $ 399,900 ",99.98%,25,28
20-Nov-23,Condos,79,33,39," $ 457,249 "," $ 444,740 ",97.26%,29,43," $ 399,900 "," $ 399,000 ",99.77%,27,40
27-Nov-23,Condos,73,33,44," $ 429,947 "," $ 418,833 ",97.42%,35,40," $ 402,450 "," $ 405,444 ",100.74%,25,27
4-Dec-23,Condos,56,35,42," $ 425,829 "," $ 415,622 ",97.60%,41,61," $ 379,900 "," $ 381,500 ",100.42%,28,38
11-Dec-23,Condos,64,35,39," $ 398,532 "," $ 390,426 ",97.97%,32,42," $ 380,000 "," $ 365,000 ",96.05%,23,28
18-Dec-23,Condos,40,36,35," $ 463,211 "," $ 451,850 ",97.55%,37,54," $ 400,000 "," $ 397,500 ",99.38%,25,46
25-Dec-23,Condos,19,23,31," $ 422,545 "," $ 557,490 ",131.94%,36,49," $ 400,000 "," $ 400,000 ",100.00%,27,42
1-Jan-24,Condos,13,23,17," $ 606,176 "," $ 569,809 ",94.00%,48,64," $ 419,000 "," $ 405,000 ",96.66%,36,44
8-Jan-24,Condos,48,20,26," $ 402,817 "," $ 389,035 ",96.58%,59,74," $ 379,875 "," $ 367,000 ",96.61%,55,65
15-Jan-24,Condos,78,29,33," $ 439,415 "," $ 426,089 ",96.97%,59,80," $ 414,900 "," $ 398,000 ",95.93%,43,72
22-Jan-24,Condos,72,44,20," $ 432,870 "," $ 421,477 ",97.37%,59,75," $ 394,450 "," $ 380,750 ",96.53%,52,69
29-Jan-24,Condos,61,42,47," $ 429,319 "," $ 422,051 ",98.31%,39,50," $ 399,000 "," $ 390,000 ",97.74%,23,38
5-Feb-24,Condos,65,52,56," $ 439,486 "," $ 428,523 ",97.51%,46,52," $ 399,000 "," $ 385,000 ",96.49%,36,50
12-Feb-24,Condos,85,53,53," $ 403,942 "," $ 397,358 ",98.37%,42,58," $ 399,000 "," $ 395,000 ",99.00%,21,39
19-Feb-24,Condos,73,39,58," $ 417,608 "," $ 410,113 ",98.21%,50,63," $ 387,250 "," $ 375,500 ",96.97%,28,35
26-Feb-24,Condos,79,54,52," $ 495,798 "," $ 487,265 ",98.28%,33,55," $ 421,950 "," $ 407,500 ",96.58%,19,26
4-Mar-24,Condos,108,58,54," $ 453,199 "," $ 446,267 ",98.47%,43,69," $ 424,900 "," $ 415,000 ",97.67%,32,36
11-Mar-24,Condos,92,67,68," $ 446,498 "," $ 443,031 ",99.22%,31,57," $ 411,950 "," $ 405,000 ",98.31%,18,25
18-Mar-24,Condos,110,58,71," $ 497,029 "," $ 488,498 ",98.28%,26,55," $ 439,900 "," $ 430,000 ",97.75%,19,28
25-Mar-24,Condos,122,70,62," $ 434,050 "," $ 428,315 ",98.68%,27,42," $ 399,950 "," $ 402,500 ",100.64%,16,25
1-Apr-24,Condos,88,65,72," $ 433,273 "," $ 424,711 ",98.02%,33,47," $ 403,950 "," $ 402,450 ",99.63%,20,23
8-Apr-24,Condos,136,75,68," $ 454,322 "," $ 446,616 ",98.30%,30,45," $ 424,450 "," $ 420,500 ",99.07%,20,24
15-Apr-24,Condos,113,72,86," $ 448,245 "," $ 442,079 ",98.62%,39,51," $ 424,950 "," $ 419,450 ",98.71%,21,26
22-Apr-24,Condos,116,49,88," $ 435,875 "," $ 430,923 ",98.86%,27,48," $ 397,450 "," $ 388,450 ",97.74%,21,27
29-Apr-24,Condos,127,76,71," $ 448,884 "," $ 442,038 ",98.47%,30,40," $ 424,900 "," $ 420,000 ",98.85%,19,20
6-May-24,Condos,141,61,69," $ 460,061 "," $ 455,962 ",99.11%,28,37," $ 425,000 "," $ 425,000 ",100.00%,17,19
13-May-24,Condos,149,80,86," $ 497,273 "," $ 489,973 ",98.53%,27,37," $ 426,950 "," $ 421,000 ",98.61%,19,21
20-May-24,Condos,136,89,88," $ 482,344 "," $ 476,517 ",98.79%,25,35," $ 427,450 "," $ 421,676 ",98.65%,17,19
27-May-24,Condos,120,70,72," $ 488,234 "," $ 477,558 ",97.81%,30,38," $ 439,000 "," $ 427,450 ",97.37%,20,23
3-Jun-24,Condos,148,67,102," $ 458,370 "," $ 452,975 ",98.82%,29,35," $ 425,000 "," $ 423,750 ",99.71%,18,21
10-Jun-24,Condos,144,84,76," $ 430,974 "," $ 467,727 ",108.53%,29,40," $ 399,900 "," $ 396,375 ",99.12%,22,25
17-Jun-24,Condos,146,69,92," $ 426,725 "," $ 419,692 ",98.35%,28,46," $ 399,900 "," $ 394,950 ",98.76%,21,28
24-Jun-24,Condos,150,79,86," $ 484,521 "," $ 478,675 ",98.79%,31,50," $ 438,950 "," $ 435,000 ",99.10%,22,33
1-Jul-24,Condos,80,64,75," $ 462,293 "," $ 453,736 ",98.15%,33,46," $ 419,000 "," $ 410,000 ",97.85%,25,32
8-Jul-24,Condos,129,47,64," $ 484,703 "," $ 474,639 ",97.92%,28,47," $ 429,950 "," $ 418,500 ",97.34%,22,40
15-Jul-24,Condos,125,71,58," $ 435,974 "," $ 428,377 ",98.26%,31,43," $ 410,995 "," $ 403,625 ",98.21%,22,31
22-Jul-24,Condos,120,62,66," $ 422,168 "," $ 415,349 ",98.38%,33,48," $ 399,950 "," $ 400,750 ",100.20%,23,35
29-Jul-24,Condos,105,61,73," $ 464,753 "," $ 455,772 ",98.07%,34,49," $ 424,900 "," $ 415,000 ",97.67%,25,35
5-Aug-24,Condos,109,51,59," $ 443,779 "," $ 435,161 ",98.06%,33,48," $ 409,900 "," $ 399,000 ",97.34%,25,33
12-Aug-24,Condos,126,64,43," $ 403,387 "," $ 395,093 ",97.94%,44,67," $ 399,900 "," $ 388,500 ",97.15%,34,43
19-Aug-24,Condos,104,59,77," $ 423,363 "," $ 416,586 ",98.40%,39,51," $ 409,900 "," $ 407,000 ",99.29%,28,38
26-Aug-24,Condos,98,58,54," $ 430,974 "," $ 423,464 ",98.26%,45,63," $ 413,450 "," $ 407,000 ",98.44%,32,49
2-Sep-24,Condos,79,51,62," $ 438,615 "," $ 428,251 ",97.64%,36,48," $ 397,300 "," $ 390,000 ",98.16%,21,33
9-Sep-24,Condos,145,50,47," $ 433,442 "," $ 427,923 ",98.73%,35,51," $ 419,900 "," $ 415,000 ",98.83%,29,36
16-Sep-24,Condos,135,64,74," $ 462,839 "," $ 454,471 ",98.19%,41,57," $ 419,945 "," $ 415,000 ",98.82%,32,38
23-Sep-24,Condos,107,44,58," $ 419,116 "," $ 410,203 ",97.87%,44,65," $ 402,450 "," $ 400,000 ",99.39%,37,48
30-Sep-24,Condos,82,54,57," $ 442,959 "," $ 434,027 ",97.98%,42,51," $ 419,900 "," $ 410,000 ",97.64%,22,49
7-Oct-24,Condos,120,56,49," $ 450,550 "," $ 441,414 ",97.97%,42,64," $ 429,900 "," $ 420,000 ",97.70%,35,56
14-Oct-24,Condos,119,44,67," $ 422,794 "," $ 414,236 ",97.98%,33,50," $ 394,900 "," $ 390,000 ",98.76%,22,29
21-Oct-24,Condos,109,58,52," $ 442,411 "," $ 434,429 ",98.20%,34,45," $ 409,900 "," $ 404,995 ",98.80%,25,33
28-Oct-24,Condos,99,45,46," $ 436,030 "," $ 420,384 ",96.41%,44,61," $ 396,900 "," $ 391,000 ",98.51%,30,49
4-Nov-24,Condos,98,61,71," $ 445,546 "," $ 434,837 ",97.60%,40,61," $ 410,000 "," $ 395,000 ",96.34%,26,44
11-Nov-24,Condos,97,42,49," $ 456,104 "," $ 448,230 ",98.27%,33,54," $ 425,000 "," $ 415,000 ",97.65%,21,42
18-Nov-24,Condos,86,45,57," $ 461,644 "," $ 451,131 ",97.72%,32,52," $ 429,000 "," $ 411,000 ",95.80%,22,27
25-Nov-24,Condos,66,28,49," $ 416,861 "," $ 407,345 ",97.72%,37,," $ 399,000 "," $ 388,000 ",97.24%,29,
2-Dec-24,Condos,66,49,42," $ 435,578 "," $ 422,950 ",97.10%,39,," $ 409,950 "," $ 399,500 ",97.45%,33,
9-Dec-24,Condos,76,33,47," $ 423,557 "," $ 411,280 ",97.10%,42,," $ 399,900 "," $ 390,000 ",97.52%,33,
16-Dec-24,Condos,49,46,36," $ 438,284 "," $ 428,284 ",97.72%,39,," $ 414,900 "," $ 415,000 ",100.02%,34,
23-Dec-24,Condos,34,41,44," $ 415,197 "," $ 404,792 ",97.49%,37,," $ 399,900 "," $ 393,500 ",98.40%,24,
30-Dec-24,Condos,12,18,17," $ 554,376 "," $ 545,106 ",98.33%,57,," $ 420,000 "," $ 412,500 ",98.21%,54,
6-Jan-25,Condos,22,37,18," $ 403,283 "," $ 390,194 ",96.75%,50,," $ 404,900 "," $ 395,000 ",97.55%,50,
13-Jan-25,Condos,109,43,31," $ 419,858 "," $ 407,887 ",97.15%,66,," $ 399,900 "," $ 395,000 ",98.77%,59,
20-Jan-25,Condos,94,55,41," $ 444,418 "," $ 432,345 ",97.28%,52,," $ 395,000 "," $ 380,000 ",96.20%,49,
27-Jan-25,Condos,84,48,49," $ 474,826 "," $ 465,403 ",98.02%,51,," $ 419,999 "," $ 415,000 ",98.81%,45,
3-Feb-25,Condos,118,55,48," $ 432,009 "," $ 422,158 ",97.72%,50,," $ 399,900 "," $ 398,000 ",99.52%,23,
10-Feb-25,Condos,138,54,47," $ 461,956 "," $ 454,612 ",98.41%,47,," $ 399,000 "," $ 393,000 ",98.50%,25,
17-Feb-25,Condos,101,58,54," $ 434,002 "," $ 423,012 ",97.47%,41,," $ 409,900 "," $ 399,700 ",97.51%,32,
24-Feb-25,Condos,92,43,39," $ 474,041 "," $ 460,529 ",97.15%,71,," $ 427,500 "," $ 410,000 ",95.91%,37,
3-Mar-25,Condos,113,72,59," $ 420,576 "," $ 412,681 ",98.12%,40,," $ 399,900 "," $ 397,000 ",99.27%,22,
10-Mar-25,Condos,149,72,51," $ 404,502 "," $ 399,678 ",98.81%,34,," $ 399,900 "," $ 393,000 ",98.27%,20,
17-Mar-25,Condos,123,70,67," $ 428,250 "," $ 422,073 ",98.56%,40,," $ 419,900 "," $ 410,000 ",97.64%,31,
24-Mar-25,Condos,150,69,63," $ 443,634 "," $ 437,311 ",98.57%,43,," $ 425,000 "," $ 417,000 ",98.12%,27,
31-Mar-25,Condos,109,73,77," $ 454,596 "," $ 447,335 ",98.40%,38,," $ 437,900 "," $ 430,000 ",98.20%,20,
7-Apr-25,Condos,160,81,63," $ 444,228 "," $ 437,697 ",98.53%,33,," $ 415,000 "," $ 415,500 ",100.12%,25,
14-Apr-25,Condos,165,83,72," $ 426,510 "," $ 418,848 ",98.20%,31,," $ 399,950 "," $ 400,000 ",100.01%,21,
21-Apr-25,Condos,124,76,67," $ 492,784 "," $ 480,559 ",97.52%,30,," $ 414,800 "," $ 402,000 ",96.91%,19,
28-Apr-25,Condos,119,60,68," $ 456,286 "," $ 448,794 ",98.36%,32,," $ 432,400 "," $ 422,500 ",97.71%,30,
5-May-25,Condos,197,87,79," $ 475,107 "," $ 467,963 ",98.50%,34,," $ 419,900 "," $ 414,900 ",98.81%,23,
12-May-25,Condos,166,87,72," $ 485,835 "," $ 478,235 ",98.44%,33,," $ 443,500 "," $ 438,000 ",98.76%,26,
19-May-25,Condos,155,82,85," $ 485,933 "," $ 475,447 ",97.84%,33,," $ 425,000 "," $ 415,000 ",97.65%,29,
26-May-25,Condos,156,81,71," $ 455,397 "," $ 446,095 ",97.96%,36,," $ 399,900 "," $ 395,000 ",98.77%,24,
2-Jun-25,Condos,148,84,76," $ 488,393 "," $ 479,030 ",98.08%,27,," $ 425,000 "," $ 414,000 ",97.41%,23,
9-Jun-25,Condos,158,72,83," $ 441,191 "," $ 433,912 ",98.35%,37,," $ 419,900 "," $ 415,000 ",98.83%,31,
16-Jun-25,Condos,161,78,68," $ 425,157 "," $ 415,431 ",97.71%,33,," $ 404,900 "," $ 400,000 ",98.79%,19,
23-Jun-25,Condos,150,83,73," $ 446,918 "," $ 435,877 ",97.53%,39,," $ 437,500 "," $ 425,000 ",97.14%,28,
30-Jun-25,Condos,126,77,65," $ 422,267 "," $ 411,317 ",97.41%,40,," $ 399,900 "," $ 400,000 ",100.03%,26,
7-Jul-25,Condos,150,55,62," $ 461,403 "," $ 447,237 ",96.93%,45,," $ 412,450 "," $ 400,450 ",97.09%,34,
14-Jul-25,Condos,126,69,65," $ 447,917 "," $ 437,779 ",97.74%,38,," $ 417,000 "," $ 411,000 ",98.56%,28,
21-Jul-25,Condos,144,63,61," $ 437,611 "," $ 429,218 ",98.08%,39,," $ 419,000 "," $ 413,000 ",98.57%,36,
28-Jul-25,Condos,101,66,60," $ 430,940 "," $ 423,310 ",98.23%,37,," $ 419,900 "," $ 412,300 ",98.19%,29,
4-Aug-25,Condos,107,66,54," $ 418,822 "," $ 406,811 ",97.13%,46,," $ 387,450 "," $ 376,750 ",97.24%,38,
11-Aug-25,Condos,127,64,43," $ 475,962 "," $ 467,342 ",98.19%,45,," $ 409,990 "," $ 408,000 ",99.51%,32,
18-Aug-25,Condos,124,68,66," $ 412,014 "," $ 401,118 ",97.36%,47,," $ 399,900 "," $ 392,250 ",98.09%,37,
25-Aug-25,Condos,107,73,62," $ 447,695 "," $ 432,328 ",96.57%,40,," $ 411,400 "," $ 406,000 ",98.69%,30,
1-Sep-25,Condos,104,53,67," $ 403,315 "," $ 393,176 ",97.49%,44,," $ 390,000 "," $ 379,000 ",97.18%,33,
8-Sep-25,Condos,172,49,41," $ 413,080 "," $ 404,912 ",98.02%,42,," $ 397,700 "," $ 389,000 ",97.81%,35,
15-Sep-25,Condos,172,69,64," $ 451,414 "," $ 439,680 ",97.40%,47,," $ 404,950 "," $ 395,700 ",97.72%,32,
22-Sep-25,Condos,163,78,58," $ 407,976 "," $ 397,872 ",97.52%,48,," $ 389,495 "," $ 385,000 ",98.85%,31,
29-Sep-25,Condos,145,47,62," $ 465,605 "," $ 455,796 ",97.89%,36,," $ 402,450 "," $ 399,750 ",99.33%,26,
6-Oct-25,Condos,163,62,62," $ 483,677 "," $ 472,435 ",97.68%,41,," $ 430,000 "," $ 420,000 ",97.67%,28,
13-Oct-25,Condos,152,60,47," $ 473,904 "," $ 461,126 ",97.30%,35,," $ 415,000 "," $ 399,900 ",96.36%,24,
20-Oct-25,Condos,132,52,40," $ 448,147 "," $ 440,551 ",98.31%,40,," $ 399,900 "," $ 398,000 ",99.52%,31,
27-Oct-25,Condos,114,65,57," $ 409,356 "," $ 397,502 ",97.10%,40,," $ 399,900 "," $ 385,000 ",96.27%,27,
3-Nov-25,Condos,106,53,44," $ 433,600 "," $ 423,427 ",97.65%,41,," $ 399,950 "," $ 393,000 ",98.26%,30,
10-Nov-25,Condos,152,44,66," $ 444,154 "," $ 430,990 ",97.04%,38,," $ 394,200 "," $ 383,750 ",97.35%,27,
17-Nov-25,Condos,91,48,43," $ 456,709 "," $ 445,258 ",97.49%,52,," $ 399,900 "," $ 394,000 ",98.52%,34,
24-Nov-25,Condos,81,58,40," $ 454,308 "," $ 444,805 ",97.91%,48,," $ 404,900 "," $ 397,500 ",98.17%,36,
1-Dec-25,Condos,60,37,49," $ 429,375 "," $ 419,402 ",97.68%,37,," $ 399,900 "," $ 393,000 ",98.27%,27,
8-Dec-25,Condos,75,43,33," $ 457,785 "," $ 441,460 ",96.43%,54,," $ 359,900 "," $ 355,000 ",98.64%,39,
15-Dec-25,Condos,63,31,36," $ 436,023 "," $ 423,705 ",97.17%,52,," $ 389,900 "," $ 384,400 ",98.59%,44,
22-Dec-25,Condos,41,35,37," $ 431,636 "," $ 418,139 ",96.87%,57,," $ 382,450 "," $ 383,250 ",100.21%,48,
29-Dec-25,Condos,12,24,18," $ 410,411 "," $ 397,431 ",96.84%,69,," $ 389,500 "," $ 367,500 ",94.35%,50,
5-Jan-26,Condos,41,30,13," $ 396,000 "," $ 387,692 ",97.90%,78,," $ 374,900 "," $ 365,000 ",97.36%,66,
12-Jan-26,Condos,138,33,22," $ 393,713 "," $ 375,682 ",95.42%,62,," $ 344,900 "," $ 330,500 ",95.82%,64,
19-Jan-26,Condos,109,67,32," $ 385,631 "," $ 375,223 ",97.30%,78,," $ 394,000 "," $ 384,995 ",97.71%,64,
26-Jan-26,Condos,110,55,46," $ 391,839 "," $ 379,659 ",96.89%,66,," $ 386,250 "," $ 375,000 ",97.09%,58,
2-Feb-26,Condos,120,59,55," $ 414,930 "," $ 400,396 ",96.50%,57,," $ 389,999 "," $ 388,000 ",99.49%,41,
9-Feb-26,Condos,119,64,50," $ 419,596 "," $ 409,364 ",97.56%,47,," $ 380,000 "," $ 372,500 ",98.03%,26,
16-Feb-26,Condos,87,60,52," $ 421,806 "," $ 411,584 ",97.58%,62,," $ 417,000 "," $ 411,250 ",98.62%,40,
23-Feb-26,Condos,120,62,50," $ 423,798 "," $ 412,692 ",97.38%,60,," $ 412,900 "," $ 391,000 ",94.70%,41,
2-Mar-26,Condos,130,53,65," $ 427,887 "," $ 417,948 ",97.68%,60,," $ 397,000 "," $ 385,000 ",96.98%,38,
9-Mar-26,Condos,170,65,49," $ 436,059 "," $ 423,335 ",97.08%,59,," $ 399,900 "," $ 399,900 ",100.00%,40,
16-Mar-26,Condos,146,67,56," $ 429,492 "," $ 418,749 ",97.50%,46,," $ 392,400 "," $ 379,900 ",96.81%,30,
23-Mar-26,Condos,119,55,54," $ 431,517 "," $ 422,026 ",97.80%,44,," $ 419,900 "," $ 410,950 ",97.87%,34,
30-Mar-26,Condos,152,63,55," $ 405,429 "," $ 397,678 ",98.09%,35,," $ 369,900 "," $ 365,500 ",98.81%,26,
6-Apr-26,Condos,137,66,49," $ 458,704 "," $ 450,775 ",98.27%,41,," $ 399,900 "," $ 390,000 ",97.52%,29,
13-Apr-26,Condos,191,80,51," $ 411,405 "," $ 401,243 ",97.53%,34,," $ 379,950 "," $ 371,000 ",97.64%,22,
20-Apr-26,Condos,149,61,77," $ 447,786 "," $ 440,618 ",98.40%,47,," $ 399,999 "," $ 396,500 ",99.13%,39,
27-Apr-26,Condos,154,84,68," $ 447,366 "," $ 435,435 ",97.33%,33,," $ 415,000 "," $ 405,000 ",97.59%,26,
4-May-26,Condos,181,69,65," $ 424,435 "," $ 414,495 ",97.66%,35,," $ 399,900 "," $ 390,000 ",97.52%,23,
11-May-26,Condos,199,88,61," $ 456,541 "," $ 445,731 ",97.63%,42,," $ 424,800 "," $ 405,000 ",95.34%,29,
18-May-26,Condos,170,89,75," $ 480,526 "," $ 468,966 ",97.59%,40,," $ 429,990 "," $ 420,000 ",97.68%,29,
25-May-26,Condos,150,64,64," $ 461,060 "," $ 450,175 ",97.64%,37,," $ 426,950 "," $ 425,000 ",99.54%,21,