Date,Detached,Row ,Semi,Total - Freehold
14-Mar-22,136,77,23,236
21-Mar-22,122,52,22,196
28-Mar-22,128,73,15,216
4-Apr-22,200,79,14,293
11-Apr-22,141,60,24,225
18-Apr-22,123,71,17,211
25-Apr-22,128,57,20,205
2-May-22,183,79,15,277
9-May-22,134,77,24,235
16-May-22,150,54,24,228
23-May-22,161,68,23,252
30-May-22,95,51,18,164
6-Jun-22,112,55,12,179
13-Jun-22,128,62,21,211
20-Jun-22,101,55,22,178
27-Jun-22,110,42,17,169
4-Jul-22,81,34,12,127
11-Jul-22,85,52,10,147
18-Jul-22,82,42,8,132
25-Jul-22,89,43,10,142
1-Aug-22,59,45,14,118
8-Aug-22,64,39,8,111
15-Aug-22,88,53,12,153
22-Aug-22,88,38,7,133
29-Aug-22,90,43,6,139
5-Sep-22,82,37,9,128
12-Sep-22,64,34,11,109
19-Sep-22,90,32,13,135
26-Sep-22,78,50,8,136
3-Oct-22,75,51,12,138
10-Oct-22,71,44,21,136
17-Oct-22,69,39,6,114
24-Oct-22,64,37,10,111
31-Oct-22,74,39,15,128
7-Nov-22,77,32,6,115
14-Nov-22,62,25,15,102
21-Nov-22,77,39,6,122
28-Nov-22,64,26,5,95
5-Dec-22,62,35,11,108
12-Dec-22,40,34,10,84
19-Dec-22,54,29,6,89
2-Jan-23,16,10,2,28
9-Jan-23,20,17,3,40
16-Jan-23,49,20,5,74
23-Jan-23,54,31,7,92
30-Jan-23,58,36,10,104
6-Feb-23,61,38,5,104
13-Feb-23,69,32,6,107
20-Feb-23,82,40,6,128
27-Feb-23,53,37,9,99
6-Mar-23,74,43,9,126
13-Mar-23,94,36,10,140
20-Mar-23,84,39,13,136
27-Mar-23,76,53,12,141
3-Apr-23,93,62,21,176
10-Apr-23,112,56,12,180
17-Apr-23,115,54,21,190
24-Apr-23,129,69,19,217
1-May-23,137,81,16,234
8-May-23,148,73,15,236
15-May-23,155,74,17,246
22-May-23,149,73,22,244
29-May-23,127,53,25,205
5-Jun-23,128,53,21,202
12-Jun-23,128,64,8,200
19-Jun-23,108,65,24,197
26-Jun-23,104,76,18,198
3-Jul-23,83,57,13,153
10-Jul-23,86,41,5,132
17-Jul-23,100,45,17,162
24-Jul-23,98,50,18,166
31-Jul-23,104,48,12,164
7-Aug-23,84,56,11,151
14-Aug-23,69,40,18,127
21-Aug-23,85,42,9,136
28-Aug-23,60,45,11,116
4-Sep-23,70,28,13,111
11-Sep-23,61,22,11,94
18-Sep-23,90,37,15,142
25-Sep-23,95,55,14,164
2-Oct-23,90,38,9,137
9-Oct-23,69,36,12,117
16-Oct-23,56,35,14,105
23-Oct-23,65,29,5,99
30-Oct-23,77,33,11,121
6-Nov-23,59,22,11,92
13-Nov-23,73,29,13,115
20-Nov-23,59,36,8,103
27-Nov-23,58,30,10,98
4-Dec-23,66,32,9,107
11-Dec-23,65,20,7,92
18-Dec-23,49,23,8,80
25-Dec-23,51,35,7,93
1-Jan-24,24,11,4,39
8-Jan-24,33,14,4,51
15-Jan-24,45,28,15,88
22-Jan-24,43,32,8,83
29-Jan-24,76,40,6,122
5-Feb-24,59,35,12,106
12-Feb-24,68,41,11,120
19-Feb-24,94,49,7,150
26-Feb-24,69,30,9,108
4-Mar-24,95,51,9,155
11-Mar-24,97,48,17,162
18-Mar-24,83,56,8,147
25-Mar-24,99,39,17,155
1-Apr-24,102,61,6,169
8-Apr-24,103,65,11,179
15-Apr-24,138,60,21,219
22-Apr-24,134,69,22,225
29-Apr-24,130,53,28,211
6-May-24,139,66,19,224
13-May-24,130,64,10,204
20-May-24,145,55,17,217
27-May-24,116,54,11,181
3-Jun-24,124,68,20,212
10-Jun-24,151,67,19,237
17-Jun-24,149,73,11,233
24-Jun-24,119,69,11,199
1-Jul-24,125,57,26,208
8-Jul-24,78,38,6,122
15-Jul-24,116,64,23,203
22-Jul-24,92,49,12,153
29-Jul-24,104,59,19,182
5-Aug-24,103,50,12,165
12-Aug-24,98,41,13,152
19-Aug-24,85,44,12,141
26-Aug-24,102,51,5,158
2-Sep-24,90,50,11,151
9-Sep-24,80,32,8,120
16-Sep-24,108,48,13,169
23-Sep-24,101,49,18,168
30-Sep-24,99,45,13,157
7-Oct-24,104,51,18,173
14-Oct-24,96,60,19,175
21-Oct-24,86,35,12,133
28-Oct-24,95,54,24,173
4-Nov-24,95,51,19,165
11-Nov-24,109,73,12,194
18-Nov-24,93,54,16,163
25-Nov-24,72,52,8,132
2-Dec-24,68,49,7,124
9-Dec-24,62,21,3,86
16-Dec-24,57,40,8,105
23-Dec-24,57,34,5,96
30-Dec-24,15,17,2,34
6-Jan-25,20,15,2,37
13-Jan-25,44,24,7,75
20-Jan-25,58,25,7,90
27-Jan-25,52,39,9,100
3-Feb-25,70,36,14,120
10-Feb-25,58,41,6,105
17-Feb-25,77,43,8,128
24-Feb-25,58,30,11,99
3-Mar-25,73,45,11,129
10-Mar-25,90,52,11,153
17-Mar-25,84,44,8,136
24-Mar-25,87,48,11,146
31-Mar-25,105,64,13,182
7-Apr-25,105,72,15,192
14-Apr-25,119,49,15,183
21-Apr-25,89,67,12,168
28-Apr-25,119,52,15,186
5-May-25,145,77,25,247
12-May-25,147,62,25,234
19-May-25,168,90,23,281
26-May-25,135,63,21,219
2-Jun-25,152,92,13,257
9-Jun-25,142,79,14,235
16-Jun-25,148,70,21,239
23-Jun-25,54,175,23,252
30-Jun-25,155,76,18,249
7-Jul-25,101,57,7,165
14-Jul-25,121,62,16,199
21-Jul-25,97,66,12,175
28-Jul-25,96,52,18,166
4-Aug-25,119,53,6,178
11-Aug-25,87,43,5,135
18-Aug-25,114,67,12,193
25-Aug-25,98,67,16,181
1-Sep-25,99,48,15,162
8-Sep-25,79,39,10,128
15-Sep-25,117,55,17,189
22-Sep-25,93,65,16,174
29-Sep-25,113,57,11,181
6-Oct-25,109,54,11,174
13-Oct-25,111,44,11,166
20-Oct-25,93,50,14,157
27-Oct-25,109,48,16,173
3-Nov-25,104,55,11,170
10-Nov-25,99,59,13,171
17-Nov-25,68,46,12,126
24-Nov-25,86,35,8,129
1-Dec-25,64,40,4,108
8-Dec-25,62,35,8,105
15-Dec-25,51,41,8,100
22-Dec-25,51,37,10,98
29-Dec-25,22,23,2,47
5-Jan-26,21,11,2,34
12-Jan-26,44,26,5,75
19-Jan-26,54,35,3,92
26-Jan-26,71,36,5,112
2-Feb-26,78,55,13,146
9-Feb-26,79,49,9,137
16-Feb-26,66,33,11,110
23-Feb-26,72,42,10,124
2-Mar-26,80,55,9,144
9-Mar-26,81,42,11,134
16-Mar-26,101,60,16,177
23-Mar-26,114,59,14,187
30-Mar-26,102,51,7,160
6-Apr-26,86,41,10,137
13-Apr-26,102,49,16,167
20-Apr-26,109,76,24,209
27-Apr-26,135,63,16,214
4-May-26,150,59,16,225
11-May-26,163,67,21,251
18-May-26,159,73,22,254
25-May-26,117,66,9,192
1-Jun-26,193,60,9,262
8-Jun-26,156,59,19,234
15-Jun-26,149,60,16,225
22-Jun-26,157,69,21,247
29-Jun-26,132,55,21,208
6-Jul-26,40,109,10,159
13-Jul-26,116,64,16,196
20-Jul-26,102,47,20,169