Date,Property Type,No. Of Active Listings,No. Of Conditional Sales,No. Of Sold Properties, Average List Price , Average Sold Price ,Average List/Sold %,Average DOM,Average CDOM, Median List Price , Median Sold Price ,Median List/ Sold %,Median DOM,Median CDOM
13-Sep-21,Freehold,146,58,183," $ 746,492 "," $ 753,649 ",100.96%,18,," $ 650,000 "," $ 677,500 ",104.23%,10,
20-Sep-21,Freehold,146,58,183," $ 746,492 "," $ 753,649 ",100.96%,18,," $ 650,000 "," $ 677,500 ",104.23%,10,
27-Sep-21,Freehold,260,67,161," $ 746,857 "," $ 754,467 ",101.02%,19,," $ 649,900 "," $ 665,000 ",102.32%,10,
04-Oct-21,Freehold,275,59,234," $ 739,814 "," $ 754,004 ",101.92%,17,," $ 649,900 "," $ 676,250 ",104.05%,8,
11-Oct-21,Freehold,275,59,234," $ 739,814 "," $ 754,004 ",101.92%,17,," $ 649,900 "," $ 676,250 ",104.05%,8,
18-Oct-21,Freehold,224,65,201," $ 763,585 "," $ 782,641 ",102.50%,14,," $ 689,900 "," $ 700,000 ",101.46%,7,
25-Oct-21,Freehold,248,63,220," $ 748,257 "," $ 763,748 ",102.07%,17,," $ 674,900 "," $ 690,000 ",102.24%,8,
01-Nov-21,Freehold,181,67,210," $ 757,000 "," $ 772,118 ",102.00%,17,," $ 674,900 "," $ 691,226 ",102.42%,8,
08-Nov-21,Freehold,223,46,188," $ 742,937 "," $ 768,671 ",103.46%,16,," $ 694,390 "," $ 710,000 ",102.25%,8,
15-Nov-21,Freehold,198,53,224," $ 736,875 "," $ 753,135 ",102.21%,14,," $ 669,450 "," $ 685,000 ",102.32%,8,
22-Nov-21,Freehold,160,57,182," $ 766,525 "," $ 781,944 ",102.01%,18,," $ 689,900 "," $ 703,500 ",101.97%,8,
29-Nov-21,Freehold,148,67,197," $ 709,749 "," $ 733,548 ",103.35%,15,," $ 650,000 "," $ 680,000 ",104.62%,9,
06-Dec-21,Freehold,127,49,194," $ 734,398 "," $ 755,075 ",102.82%,14,," $ 649,900 "," $ 665,000 ",102.32%,8,
13-Dec-21,Freehold,128,38,147," $ 760,416 "," $ 788,135 ",103.65%,19,," $ 679,900 "," $ 701,500 ",103.18%,8,
20-Dec-21,Freehold,122,34,154," $ 790,966 "," $ 822,231 ",103.95%,19,," $ 687,900 "," $ 700,000 ",101.76%,8,
27-Dec-21,Freehold,68,26,105," $ 784,318 "," $ 813,374 ",103.70%,19,," $ 699,900 "," $ 726,000 ",103.73%,8,
03-Jan-22,Freehold,42,22,188," $ 773,642 "," $ 797,588 ",103.10%,17,," $ 699,900 "," $ 723,950 ",103.44%,9,
10-Jan-22,Freehold,57,15,62," $ 788,358 "," $ 813,705 ",103.22%,23,," $ 699,000 "," $ 761,000 ",108.87%,11,
17-Jan-22,Freehold,94,19,95," $ 715,230 "," $ 778,929 ",108.91%,16,," $ 674,900 "," $ 715,000 ",105.94%,5,
24-Jan-22,Freehold,105,16,100," $ 754,269 "," $ 832,451 ",110.37%,15,," $ 699,900 "," $ 773,000 ",110.44%,5,
31-Jan-22,Freehold,121,18,148," $ 806,502 "," $ 896,580 ",111.17%,13,," $ 699,900 "," $ 810,500 ",115.80%,5,
02-Feb-22,Freehold,174,9,147," $ 790,626 "," $ 887,450 ",112.25%,8,," $ 750,000 "," $ 840,000 ",112.00%,5,
14-Feb-22,Freehold,202,23,169," $ 835,147 "," $ 929,075 ",111.25%,10,," $ 750,000 "," $ 859,000 ",114.53%,5,
21-Feb-22,Freehold,214,14,217," $ 791,667 "," $ 892,890 ",112.79%,5,," $ 699,900 "," $ 808,000 ",115.45%,5,
28-Feb-22,Freehold,244,20,207," $ 786,100 "," $ 897,229 ",114.14%,6,," $ 699,900 "," $ 820,000 ",117.16%,6,
07-Mar-22,Freehold,286,15,254," $ 819,176 "," $ 906,430 ",110.65%,11,," $ 713,900 "," $ 820,000 ",114.86%,6,
14-Mar-22,Freehold,229,20,236," $ 839,366 "," $ 935,732 ",111.48%,8,," $ 749,900 "," $ 825,000 ",110.01%,6,
21-Mar-22,Freehold,254,22,196," $ 775,877 "," $ 867,466 ",111.80%,8,," $ 699,900 "," $ 799,500 ",114.23%,6,
28-Mar-22,Freehold,310,16,216," $ 830,783 "," $ 923,208 ",111.13%,10,," $ 750,000 "," $ 825,000 ",110.00%,6,
04-Apr-22,Freehold,293,16,265," $ 821,534 "," $ 915,237 ",111.41%,7,," $ 749,000 "," $ 815,000 ",108.81%,6,
11-Apr-22,Freehold,354,15,225," $ 838,531 "," $ 935,843 ",111.61%,8,," $ 765,000 "," $ 850,000 ",111.11%,6,
18-Apr-22,Freehold,230,28,211," $ 820,186 "," $ 895,318 ",109.16%,8,," $ 749,000 "," $ 810,000 ",108.14%,6,
25-Apr-22,Freehold,430,19,205," $ 817,064 "," $ 874,408 ",107.02%,11,," $ 750,000 "," $ 815,000 ",108.67%,7,
02-May-22,Freehold,368,26,277," $ 803,554 "," $ 871,411 ",108.44%,8,," $ 739,000 "," $ 812,500 ",109.95%,6,
09-May-22,Freehold,374,37,235," $ 800,820 "," $ 879,189 ",109.79%,2,," $ 689,900 "," $ 771,000 ",111.76%,2,
16-May-22,Freehold,456,33,228," $ 814,404 "," $ 856,564 ",105.18%,11,," $ 734,900 "," $ 770,000 ",104.78%,6,
23-May-22,Freehold,305,38,252," $ 816,970 "," $ 859,374 ",105.19%,10,," $ 750,000 "," $ 777,000 ",103.60%,6,
30-May-22,Freehold,350,41,164," $ 834,605 "," $ 863,084 ",103.41%,11,," $ 734,900 "," $ 782,500 ",106.48%,8,
06-Jun-22,Freehold,416,37,179," $ 832,472 "," $ 849,518 ",102.05%,11,," $ 719,900 "," $ 750,000 ",104.18%,7,
13-Jun-22,Freehold,395,53,211," $ 820,603 "," $ 836,454 ",101.93%,12,," $ 749,000 "," $ 750,000 ",100.13%,7,
20-Jun-22,Freehold,383,38,178," $ 819,849 "," $ 823,801 ",100.48%,16,," $ 727,450 "," $ 740,000 ",101.73%,8,
27-Jun-22,Freehold,443,62,169," $ 842,586 "," $ 840,332 ",99.73%,15,," $ 750,000 "," $ 749,900 ",99.99%,10,
04-Jul-22,Freehold,268,63,127," $ 832,983 "," $ 837,616 ",100.56%,16,," $ 700,000 "," $ 725,000 ",103.57%,10,
11-Jul-22,Freehold,357,55,147," $ 791,177 "," $ 780,203 ",98.61%,17,," $ 699,900 "," $ 700,000 ",100.01%,15,
18-Jul-22,Freehold,310,74,132," $ 809,499 "," $ 798,988 ",98.70%,19,," $ 722,450 "," $ 712,500 ",98.62%,13,
25-Jul-22,Freehold,283,64,142," $ 757,503 "," $ 746,780 ",98.58%,20,," $ 699,925 "," $ 699,450 ",99.93%,15,
01-Aug-22,Freehold,228,70,118," $ 747,672 "," $ 728,794 ",97.48%,22,," $ 677,000 "," $ 661,500 ",97.71%,16,
08-Aug-22,Freehold,250,84,111," $ 713,751 "," $ 698,673 ",97.89%,22,," $ 650,000 "," $ 649,000 ",99.85%,16,
15-Aug-22,Freehold,264,72,153," $ 777,616 "," $ 759,028 ",97.61%,24,," $ 699,000 "," $ 675,000 ",96.57%,20,
22-Aug-22,Freehold,247,72,133," $ 791,815 "," $ 770,317 ",97.28%,22,," $ 725,000 "," $ 715,000 ",98.62%,15,
29-Aug-22,Freehold,193,71,138," $ 817,107 "," $ 798,386 ",97.71%,25,," $ 734,900 "," $ 718,250 ",97.73%,19,
05-Sep-22,Freehold,190,66,128," $ 752,979 "," $ 731,969 ",97.21%,28,," $ 714,950 "," $ 686,250 ",95.99%,19,
12-Sep-22,Freehold,286,73,109," $ 741,197 "," $ 720,112 ",97.16%,29,," $ 688,000 "," $ 670,000 ",97.38%,23,
19-Sep-22,Freehold,309,82,135," $ 829,837 "," $ 807,963 ",97.36%,30,," $ 729,900 "," $ 717,500 ",98.30%,20,
26-Sep-22,Freehold,286,85,135," $ 751,050 "," $ 733,729 ",97.69%,25,," $ 679,000 "," $ 670,000 ",98.67%,15,
03-Oct-22,Freehold,255,82,138," $ 766,872 "," $ 749,688 ",97.76%,26,," $ 699,900 "," $ 671,250 ",95.91%,16,
10-Oct-22,Freehold,254,85,136," $ 755,840 "," $ 727,882 ",96.30%,29,," $ 669,900 "," $ 650,500 ",97.10%,20,
17-Oct-22,Freehold,266,62,114," $ 773,639 "," $ 754,518 ",97.53%,28,," $ 726,950 "," $ 706,500 ",97.19%,19,
24-Oct-22,Freehold,269,95,110," $ 745,663 "," $ 725,286 ",97.27%,25,," $ 699,900 "," $ 675,000 ",96.44%,20,
31-Oct-22,Freehold,230,72,126," $ 734,883 "," $ 717,546 ",97.64%,25,43," $ 669,900 "," $ 652,500 ",97.40%,15,31
07-Nov-22,Freehold,246,80,115," $ 788,747 "," $ 762,628 ",96.69%,25,47," $ 699,900 "," $ 680,000 ",97.16%,20,36
14-Nov-22,Freehold,213,93,102," $ 740,085 "," $ 718,438 ",97.08%,27,45," $ 674,950 "," $ 647,500 ",95.93%,18,18
21-Nov-22,Freehold,179,60,122," $ 789,891 "," $ 759,884 ",96.20%,27,50," $ 689,950 "," $ 669,750 ",97.07%,19,28
28-Nov-22,Freehold,134,76,95," $ 726,690 "," $ 705,589 ",97.10%,33,50," $ 674,900 "," $ 650,000 ",96.31%,22,38
05-Dec-22,Freehold,129,60,108," $ 725,072 "," $ 701,376 ",96.73%,30,54," $ 659,400 "," $ 647,900 ",98.26%,25,51
12-Dec-22,Freehold,111,69,84," $ 732,413 "," $ 707,491 ",96.60%,37,50," $ 649,950 "," $ 634,500 ",97.62%,27,38
19-Dec-22,Freehold,75,61,89," $ 714,203 "," $ 694,501 ",97.24%,36,52," $ 669,900 "," $ 655,000 ",97.78%,30,40
02-Jan-23,Freehold,37,26,28," $ 708,046 "," $ 689,309 ",97.35%,38,63," $ 637,400 "," $ 620,500 ",97.35%,31,58
09-Jan-23,Freehold,136,41,40," $ 678,888 "," $ 658,758 ",97.03%,55,73," $ 672,400 "," $ 650,000 ",96.67%,48,63
16-Jan-23,Freehold,165,60,74," $ 821,562 "," $ 775,183 ",94.35%,43,66," $ 665,000 "," $ 650,000 ",97.74%,42,61
23-Jan-23,Freehold,145,70,92," $ 731,754 "," $ 705,986 ",96.48%,40,74," $ 649,950 "," $ 623,611 ",95.95%,21,69
30-Jan-23,Freehold,150,67,104," $ 739,214 "," $ 716,274 ",96.90%,35,57," $ 669,950 "," $ 645,000 ",96.28%,19,39
06-Feb-23,Freehold,147,81,104," $ 747,846 "," $ 727,874 ",97.33%,36,71," $ 699,450 "," $ 674,500 ",96.43%,19,57
13-Feb-23,Freehold,166,83,107," $ 741,614 "," $ 726,080 ",97.91%,29,44," $ 669,900 "," $ 660,000 ",98.52%,19,23
20-Feb-23,Freehold,127,65,128," $ 751,329 "," $ 738,950 ",98.35%,30,47," $ 679,900 "," $ 660,500 ",97.15%,14,19
27-Feb-23,Freehold,158,71,99," $ 802,928 "," $ 781,273 ",97.30%,39,54," $ 677,000 "," $ 678,444 ",100.21%,19,25
6-Mar-23,Freehold,232,102,126," $ 762,632 "," $ 743,651 ",97.51%,29,44," $ 682,450 "," $ 681,250 ",99.82%,16,23
13-Mar-23,Freehold,189,90,140," $ 802,070 "," $ 785,016 ",97.87%,29,50," $ 716,900 "," $ 710,000 ",99.04%,14,19
20-Mar-23,Freehold,157,97,136," $ 754,277 "," $ 739,681 ",98.06%,37,56," $ 687,950 "," $ 671,700 ",97.64%,17,20
27-Mar-23,Freehold,259,91,141," $ 742,020 "," $ 731,892 ",98.64%,22,35," $ 675,000 "," $ 675,500 ",100.07%,13,15
3-Apr-23,Freehold,223,130,176," $ 797,293 "," $ 788,745 ",98.93%,25,37," $ 719,500 "," $ 712,250 ",98.99%,12,13
10-Apr-23,Freehold,175,120,180," $ 809,187 "," $ 796,527 ",98.44%,24,38," $ 737,450 "," $ 730,000 ",98.99%,12,13
17-Apr-23,Freehold,233,140,190," $ 830,259 "," $ 814,416 ",98.09%,30,43," $ 750,000 "," $ 750,000 ",100.00%,15,17
24-Apr-23,Freehold,226,142,217," $ 810,226 "," $ 803,207 ",99.13%,22,31," $ 719,900 "," $ 707,000 ",98.21%,13,15
01-May-23,Freehold,236,139,234," $ 804,202 "," $ 795,089 ",98.87%,22,31," $ 699,900 "," $ 702,750 ",100.41%,12,14
8-May-23,Freehold,258,137,236," $ 814,598 "," $ 809,230 ",99.34%,22,34," $ 747,750 "," $ 728,000 ",97.36%,12,14
15-May-23,Freehold,290,144,246," $ 825,899 "," $ 817,989 ",99.04%,20,31," $ 749,900 "," $ 747,500 ",99.68%,11,12
22-May-23,Freehold,218,116,244," $ 788,949 "," $ 783,040 ",99.25%,19,30," $ 719,450 "," $ 712,500 ",99.03%,10,13
29-May-23,Freehold,271,130,205," $ 806,577 "," $ 801,308 ",99.35%,17,28," $ 695,000 "," $ 697,000 ",100.29%,10,12
5-Jun-23,Freehold,294,134,202," $ 847,002 "," $ 846,944 ",99.99%,15,23," $ 737,450 "," $ 739,000 ",100.21%,9,12
12-Jun-23,Freehold,319,103,200," $ 826,252 "," $ 817,483 ",98.94%,18,28," $ 749,950 "," $ 750,000 ",100.01%,11,14
19-Jun-23,Freehold,246,134,197," $ 828,051 "," $ 817,098 ",98.68%,22,35," $ 699,998 "," $ 721,322 ",103.05%,12,14
26-Jun-23,Freehold,302,109,198," $ 757,104 "," $ 757,005 ",99.99%,18,26," $ 699,900 "," $ 697,000 ",99.59%,11,14
03-Jul-23,Freehold,195,106,153," $ 793,335 "," $ 783,742 ",98.79%,20,29," $ 689,900 "," $ 680,000 ",98.57%,14,16
10-Jul-23,Freehold,244,98,132," $ 820,731 "," $ 811,713 ",98.90%,19,26," $ 749,000 "," $ 734,500 ",98.06%,14,15
17-Jul-23,Freehold,264,120,162," $ 770,823 "," $ 758,228 ",98.37%,21,29," $ 699,900 "," $ 697,500 ",99.66%,14,15
24-Jul-23,Freehold,238,110,166," $ 815,481 "," $ 809,580 ",99.28%,19,27," $ 699,000 "," $ 697,625 ",99.80%,12,14
31-Jul-23,Freehold,226,120,164," $ 881,761 "," $ 864,866 ",98.08%,26,43," $ 772,450 "," $ 770,500 ",99.75%,14,21
7-Aug-23,Freehold,256,99,151," $ 753,840 "," $ 743,698 ",98.65%,25,33," $ 697,000 "," $ 680,000 ",97.56%,16,22
14-Aug-23,Freehold,245,90,127," $ 829,787 "," $ 814,325 ",98.14%,25,39," $ 720,000 "," $ 707,000 ",98.19%,16,19
21-Aug-23,Freehold,257,101,136," $ 795,400 "," $ 781,696 ",98.28%,28,40," $ 699,900 "," $ 700,000 ",100.01%,16,16
28-Aug-23,Freehold,221,89,116," $ 801,404 "," $ 781,437 ",97.51%,28,40," $ 689,450 "," $ 673,000 ",97.61%,17,24
04-Sep-23,Freehold,195,81,111," $ 810,077 "," $ 930,627 ",114.88%,25,39," $ 699,900 "," $ 692,500 ",98.94%,18,27
11-Sep-23,Freehold,305,87,94," $ 813,678 "," $ 794,626 ",97.66%,26,38," $ 716,900 "," $ 706,750 ",98.58%,18,22
18-Sep-23,Freehold,349,100,142," $ 804,418 "," $ 791,736 ",98.42%,26,38," $ 749,900 "," $ 743,500 ",99.15%,17,20
25-Sep-23,Freehold,323,115,164," $ 806,890 "," $ 793,113 ",98.29%,29,38," $ 699,900 "," $ 695,000 ",99.30%,16,28
2-Oct-23,Freehold,313,99,137," $ 795,500 "," $ 776,016 ",97.55%,30,41," $ 699,900 "," $ 687,500 ",98.23%,16,22
9-Oct-23,Freehold,257,82,117," $ 803,272 "," $ 782,738 ",97.44%,25,34," $ 699,900 "," $ 680,000 ",97.16%,15,22
16-Oct-23,Freehold,326,72,105," $ 850,537 "," $ 814,816 ",95.80%,22,42," $ 699,000 "," $ 672,500 ",96.21%,21,25
23-Oct-23,Freehold,297,85,99," $ 821,465 "," $ 793,997 ",96.66%,28,43," $ 749,900 "," $ 728,000 ",97.08%,22,33
30-Oct-23,Freehold,226,90,121," $ 745,997 "," $ 729,425 ",97.78%,28,46," $ 699,000 "," $ 673,000 ",96.28%,22,30
06-Nov-23,Freehold,241,68,92," $ 747,814 "," $ 722,404 ",96.60%,27,41," $ 677,000 "," $ 658,000 ",97.19%,20,28
13-Nov-23,Freehold,215,82,115," $ 767,395 "," $ 743,328 ",96.86%,29,46," $ 695,000 "," $ 670,000 ",96.40%,23,30
20-Nov-23,Freehold,172,77,103," $ 733,045 "," $ 713,776 ",97.37%,31,51," $ 719,900 "," $ 710,000 ",98.62%,28,36
27-Nov-23,Freehold,174,83,98," $ 763,717 "," $ 737,544 ",96.57%,36,59," $ 649,900 "," $ 640,000 ",98.48%,28,50
04-Dec-23,Freehold,113,75,107," $ 795,144 "," $ 773,351 ",97.26%,36,53," $ 669,900 "," $ 650,000 ",97.03%,28,44
11-Dec-23,Freehold,79,60,92," $ 842,230 "," $ 811,572 ",96.36%,38,67," $ 742,400 "," $ 736,250 ",99.17%,30,56
18-Dec-23,Freehold,73,79,80," $ 715,051 "," $ 688,609 ",96.30%,45,68," $ 684,500 "," $ 653,000 ",95.40%,36,53
25-Dec-23,Freehold,43,57,93," $ 718,717 "," $ 691,309 ",96.19%,46,69," $ 649,900 "," $ 625,000 ",96.17%,40,51
1-Jan-24,Freehold,20,34,39," $ 738,045 "," $ 715,760 ",96.98%,57,73," $ 699,900 "," $ 670,000 ",95.73%,54,66
08-Jan-24,Freehold,107,66,51," $ 757,905 "," $ 730,206 ",96.35%,47,60," $ 699,000 "," $ 682,000 ",97.57%,38,50
15-Jan-24,Freehold,145,60,88," $ 712,310 "," $ 692,496 ",97.22%,54,77," $ 649,900 "," $ 630,000 ",96.94%,52,72
22-Jan-24,Freehold,184,84,83," $ 755,151 "," $ 733,531 ",97.14%,49,74," $ 679,000 "," $ 665,000 ",97.94%,42,68
29-Jan-24,Freehold,172,86,122," $ 801,490 "," $ 779,437 ",97.25%,44,60," $ 699,900 "," $ 691,947 ",98.86%,17,49
05-Feb-24,Freehold,169,91,106," $ 742,426 "," $ 725,010 ",97.65%,39,63," $ 674,900 "," $ 651,500 ",96.53%,20,52
12-Feb-24,Freehold,177,123,120," $ 770,479 "," $ 755,441 ",98.05%,34,55," $ 689,900 "," $ 685,000 ",99.29%,17,22
19-Feb-24,Freehold,174,91,150," $ 753,780 "," $ 746,095 ",98.98%,33,48," $ 688,450 "," $ 686,250 ",99.68%,15,19
26-Feb-24,Freehold,181,106,108," $ 799,865 "," $ 785,312 ",98.18%,30,45," $ 712,944 "," $ 701,750 ",98.43%,15,17
4-Mar-24,Freehold,238,122,155," $ 795,954 "," $ 782,853 ",98.35%,27,41," $ 739,000 "," $ 724,900 ",98.09%,16,17
11-Mar-24,Freehold,291,107,162," $ 877,279 "," $ 868,809 ",99.03%,26,40," $ 749,900 "," $ 752,450 ",100.34%,14,15
18-Mar-24,Freehold,215,116,147," $ 821,635 "," $ 815,734 ",99.28%,20,33," $ 699,900 "," $ 700,000 ",100.01%,11,12
25-Mar-24,Freehold,272,139,155," $ 799,580 "," $ 791,244 ",98.96%,25,37," $ 699,900 "," $ 711,000 ",101.59%,17,20
01-Apr-24,Freehold,211,146,169," $ 754,346 "," $ 747,721 ",99.12%,20,31," $ 699,900 "," $ 695,000 ",99.30%,12,13
08-Apr-24,Freehold,335,141,179," $ 796,308 "," $ 785,173 ",98.60%,24,34," $ 699,900 "," $ 698,400 ",99.79%,14,17
15-Apr-24,Freehold,300,152,219," $ 821,297 "," $ 813,239 ",99.02%,22,33," $ 749,000 "," $ 745,000 ",99.47%,12,15
22-Apr-24,Freehold,325,165,225," $ 827,930 "," $ 816,838 ",98.66%,26,37," $ 709,900 "," $ 707,500 ",99.66%,13,15
29-Apr-24,Freehold,296,171,211," $ 869,336 "," $ 859,435 ",98.86%,20,29," $ 774,900 "," $ 765,000 ",98.72%,13,15
6-May-24,Freehold,337,147,224," $ 798,928 "," $ 788,902 ",98.75%,23,38," $ 711,950 "," $ 701,500 ",98.53%,14,16
13-May-24,Freehold,371,165,204," $ 813,127 "," $ 801,848 ",98.61%,22,30," $ 729,389 "," $ 717,500 ",98.37%,15,17
20-May-24,Freehold,364,154,217," $ 813,143 "," $ 801,557 ",98.58%,23,34," $ 749,900 "," $ 736,000 ",98.15%,14,18
27-May-24,Freehold,363,148,181," $ 802,232 "," $ 798,868 ",99.58%,26,38," $ 749,900 "," $ 747,000 ",99.61%,14,15
03-Jun-24,Freehold,305,173,212," $ 810,449 "," $ 796,759 ",98.31%,23,32," $ 722,900 "," $ 718,750 ",99.43%,14,17
10-Jun-24,Freehold,384,187,237," $ 808,092 "," $ 798,814 ",98.85%,21,36," $ 748,000 "," $ 733,500 ",98.06%,15,18
17-Jun-24,Freehold,343,159,233," $ 812,442 "," $ 797,603 ",98.17%,25,34," $ 739,900 "," $ 735,900 ",99.46%,15,21
24-Jun-24,Freehold,343,166,199," $ 812,101 "," $ 793,651 ",97.73%,24,39," $ 699,900 "," $ 699,000 ",99.87%,15,22
01-Jul-24,Freehold,260,137,208," $ 765,961 "," $ 753,626 ",98.39%,27,39," $ 697,000 "," $ 684,000 ",98.13%,15,20
8-Jul-24,Freehold,275,137,122," $ 856,339 "," $ 833,393 ",97.32%,26,47," $ 749,375 "," $ 727,500 ",97.08%,16,28
15-Jul-24,Freehold,286,135,203," $ 769,961 "," $ 755,761 ",98.16%,28,38," $ 699,900 "," $ 685,000 ",97.87%,21,28
22-Jul-24,Freehold,258,148,153," $ 844,418 "," $ 826,880 ",97.92%,28,41," $ 740,000 "," $ 723,000 ",97.70%,20,28
29-Jul-24,Freehold,261,121,182," $ 810,440 "," $ 795,119 ",98.11%,28,45," $ 704,945 "," $ 694,500 ",98.52%,20,27
05-Aug-24,Freehold,222,117,165," $ 777,804 "," $ 763,357 ",98.14%,32,49," $ 699,900 "," $ 697,500 ",99.66%,22,34
12-Aug-24,Freehold,245,110,152," $ 792,230 "," $ 777,279 ",98.11%,32,51," $ 698,950 "," $ 679,500 ",97.22%,22,33
19-Aug-24,Freehold,270,101,141," $ 780,208 "," $ 768,035 ",98.44%,32,49," $ 699,900 "," $ 685,000 ",97.87%,21,32
26-Aug-24,Freehold,243,126,158," $ 804,957 "," $ 787,691 ",97.86%,33,51," $ 699,900 "," $ 690,000 ",98.59%,22,35
02-Sep-24,Freehold,208,118,151," $ 820,413 "," $ 799,921 ",97.50%,38,56," $ 719,900 "," $ 710,000 ",98.62%,24,36
9-Sep-24,Freehold,354,112,120," $ 829,138 "," $ 802,409 ",96.78%,31,53," $ 724,450 "," $ 712,500 ",98.35%,16,26
16-Sep-24,Freehold,392,132,169," $ 803,773 "," $ 788,724 ",98.13%,33,53," $ 709,990 "," $ 695,000 ",97.89%,22,36
23-Sep-24,Freehold,302,124,168," $ 801,580 "," $ 788,391 ",98.35%,30,53," $ 732,450 "," $ 724,950 ",98.98%,15,31
30-Sep-24,Freehold,279,141,157," $ 822,977 "," $ 809,302 ",98.34%,27,49," $ 749,900 "," $ 735,000 ",98.01%,16,26
07-Oct-24,Freehold,288,118,173," $ 789,032 "," $ 776,136 ",98.37%,26,39," $ 735,000 "," $ 735,000 ",100.00%,16,20
14-Oct-24,Freehold,228,122,175," $ 778,577 "," $ 760,062 ",97.62%,35,59," $ 699,000 "," $ 680,000 ",97.28%,25,38
21-Oct-24,Freehold,245,116,133," $ 797,208 "," $ 779,956 ",97.84%,36,58," $ 729,999 "," $ 700,000 ",95.89%,20,37
28-Oct-24,Freehold,224,152,173," $ 776,050 "," $ 762,876 ",98.30%,32,49," $ 705,000 "," $ 700,000 ",99.29%,23,34
04-Nov-24,Freehold,257,140,165," $ 772,163 "," $ 759,360 ",98.34%,37,55," $ 699,900 "," $ 687,500 ",98.23%,27,35
11-Nov-24,Freehold,200,131,194," $ 780,208 "," $ 761,186 ",97.56%,32,57," $ 698,000 "," $ 685,000 ",98.14%,22,36
18-Nov-24,Freehold,151,127,163," $ 761,708 "," $ 745,203 ",97.83%,34,59," $ 699,900 "," $ 699,000 ",99.87%,23,36
25-Nov-24,Freehold,133,88,132," $ 758,762 "," $ 735,842 ",96.98%,35,," $ 682,400 "," $ 670,000 ",98.18%,26,
02-Dec-24,Freehold,116,88,124," $ 817,722 "," $ 799,711 ",97.80%,35,," $ 712,500 "," $ 695,000 ",97.54%,25,
09-Dec-24,Freehold,112,100,86," $ 803,289 "," $ 780,569 ",97.17%,43,," $ 729,000 "," $ 721,000 ",98.90%,29,
16-Dec-24,Freehold,81,89,105," $ 773,411 "," $ 758,864 ",98.12%,37,," $ 699,900 "," $ 690,000 ",98.59%,25,
23-Dec-24,Freehold,68,67,96," $ 787,625 "," $ 765,331 ",97.17%,44,," $ 682,500 "," $ 660,500 ",96.78%,31,
30-Dec-24,Freehold,20,46,34," $ 700,361 "," $ 678,251 ",96.84%,51,," $ 675,000 "," $ 645,000 ",95.56%,44,
06-Jan-25,Freehold,64,46,37," $ 787,091 "," $ 764,100 ",97.08%,53,," $ 684,999 "," $ 665,000 ",97.08%,47,
13-Jan-25,Freehold,145,79,75," $ 786,795 "," $ 762,362 ",96.89%,58,," $ 689,900 "," $ 678,000 ",98.28%,41,
20-Jan-25,Freehold,145,92,90," $ 801,450 "," $ 788,200 ",98.35%,52,," $ 711,400 "," $ 700,000 ",98.40%,44,
27-Jan-25,Freehold,168,107,100," $ 761,319 "," $ 746,406 ",98.04%,53,," $ 677,900 "," $ 689,900 ",101.77%,39,
03-Feb-25,Freehold,197,96,120," $ 837,217 "," $ 826,329 ",98.70%,39,," $ 699,450 "," $ 689,000 ",98.51%,18,
10-Feb-25,Freehold,228,108,105," $ 771,104 "," $ 766,899 ",99.45%,31,," $ 719,900 "," $ 715,000 ",99.32%,14,
17-Feb-25,Frehold,235,98,128," $ 815,332 "," $ 800,806 ",98.22%,40,," $ 759,950 "," $ 750,000 ",98.69%,13,
24-Feb-25,Freehold,195,99,99," $ 787,580 "," $ 777,255 ",98.69%,33,," $ 739,900 "," $ 740,000 ",100.01%,14,
03-Mar-25,Freehold,256,114,129," $ 802,506 "," $ 792,680 ",98.78%,28,," $ 699,900 "," $ 695,000 ",99.30%,15,
10-Mar-25,Freehold,229,128,153," $ 788,939 "," $ 776,689 ",98.45%,46,," $ 699,900 "," $ 695,300 ",99.34%,16,
17-Mar-25,Freehold,231,130,136," $ 771,341 "," $ 759,272 ",98.44%,29,," $ 729,900 "," $ 725,000 ",99.33%,15,
24-Mar-25,Freehold,300,170,146," $ 848,879 "," $ 836,953 ",98.60%,25,," $ 729,900 "," $ 732,000 ",100.29%,16,
31-Mar-25,Freehold,284,175,182," $ 822,475 "," $ 811,289 ",98.64%,29,," $ 749,950 "," $ 740,000 ",98.67%,14,
07-Apr-25,Freehold,300,144,192," $ 805,324 "," $ 795,105 ",98.73%,31,," $ 742,450 "," $ 740,000 ",99.67%,15,
14-Apr-25,Freehold,332,167,183," $ 853,537 "," $ 843,272 ",98.80%,23,," $ 759,900 "," $ 761,000 ",100.14%,14,
21-Apr-25,Freehold,272,172,168," $ 755,519 "," $ 747,188 ",98.90%,22,," $ 712,500 "," $ 707,450 ",99.29%,14,
28-Apr-25,Freehold,300,181,186," $ 854,850 "," $ 841,223 ",98.41%,26,," $ 750,000 "," $ 754,500 ",100.60%,16,
05-May-25,Freehold,397,186,247," $ 844,774 "," $ 835,069 ",98.85%,25,," $ 755,000 "," $ 750,000 ",99.34%,14,
12-May-25,Freehold,409,236,234," $ 831,142 "," $ 819,744 ",98.63%,22,," $ 749,900 "," $ 742,250 ",98.98%,13,
19-May-25,Freehold,442,227,281," $ 846,196 "," $ 837,075 ",98.92%,26,," $ 749,900 "," $ 749,000 ",99.88%,14,
26-May-25,Freehold,441,222,219," $ 844,371 "," $ 836,946 ",99.12%,21,," $ 749,000 "," $ 744,000 ",99.33%,14,
02-Jun-25,Freehold,410,203,257," $ 834,214 "," $ 824,069 ",98.78%,27,," $ 739,955 "," $ 740,000 ",100.01%,16,
09-Jun-25,Freehold,413,211,235," $ 824,835 "," $ 813,145 ",98.58%,25,," $ 750,000 "," $ 749,800 ",99.97%,14,
16-Jun-25,Freehold,435,216,239," $ 832,456 "," $ 822,852 ",98.85%,26,," $ 749,900 "," $ 742,900 ",99.07%,17,
23-Jun-25,Freehold,470,220,252," $ 894,937 "," $ 880,103 ",98.34%,26,," $ 787,450 "," $ 780,000 ",99.05%,17,
30-Jun-25,Freehold,308,186,249," $ 809,797 "," $ 799,845 ",98.77%,25,," $ 750,000 "," $ 749,000 ",99.87%,17,
07-Jul-25,Freehold,300,165,165," $ 853,840 "," $ 861,205 ",100.86%,31,," $ 729,999 "," $ 715,000 ",97.95%,21,
14-Jul-25,Freehold,394,173,199," $ 818,156 "," $ 803,100 ",98.16%,30,," $ 729,000 "," $ 720,000 ",98.77%,22,
21-Jul-25,Freehold,328,177,175," $ 768,047 "," $ 752,197 ",97.94%,29,," $ 684,900 "," $ 679,990 ",99.28%,21,
28-Jul-25,Freehold,324,147,166," $ 831,251 "," $ 813,458 ",97.86%,30,," $ 749,900 "," $ 738,500 ",98.48%,18,
04-Aug-25,Freehold,267,136,178," $ 798,290 "," $ 779,576 ",97.66%,33,," $ 736,950 "," $ 730,000 ",99.06%,22,
11-Aug-25,Freehold,313,159,135," $ 835,380 "," $ 817,969 ",97.92%,35,," $ 725,000 "," $ 710,000 ",97.93%,28,
18-Aug-25,Freehold,328,173,193," $ 849,406 "," $ 827,595 ",97.43%,33,," $ 719,900 "," $ 703,000 ",97.65%,24,
25-Aug-25,Freehold,286,164,181," $ 742,895 "," $ 729,907 ",98.25%,36,," $ 669,900 "," $ 664,000 ",99.12%,27,
01-Sep-25,Freehold,245,132,162," $ 835,072 "," $ 818,794 ",98.05%,32,," $ 749,900 "," $ 737,250 ",98.31%,21,
08-Sep-25,Freehold,420,128,128," $ 840,631 "," $ 823,563 ",97.97%,34,," $ 732,000 "," $ 711,500 ",97.20%,23,
15-Sep-25,Freehold,450,163,189," $ 801,061 "," $ 785,296 ",98.03%,35,," $ 699,900 "," $ 699,900 ",100.00%,23,
22-Sep-25,Freehold,396,173,174," $ 773,219 "," $ 760,813 ",98.40%,27,," $ 699,900 "," $ 685,500 ",97.94%,14,
29-Sep-25,Freehold,382,181,181," $ 812,313 "," $ 797,088 ",98.13%,33,," $ 699,000 "," $ 690,000 ",98.71%,16,
06-Oct-25,Freehold,386,157,174," $ 823,212 "," $ 808,163 ",98.17%,34,," $ 714,900 "," $ 697,500 ",97.57%,21,
13-Oct-25,Freehold,284,158,166," $ 851,586 "," $ 829,585 ",97.42%,37,," $ 709,900 "," $ 710,000 ",100.01%,25,
20-Oct-25,Freehold,313,137,157," $ 796,385 "," $ 779,989 ",97.94%,33,," $ 700,000 "," $ 700,000 ",100.00%,22,
27-Oct-25,Freehold,275,157,173," $ 823,159 "," $ 802,866 ",97.53%,34,," $ 699,900 "," $ 699,000 ",99.87%,22,
03-Nov-25,Freehold,285,144,170," $ 820,842 "," $ 801,990 ",97.70%,36,," $ 724,900 "," $ 704,495 ",97.19%,25,
10-Nov-25,Freehold,248,146,171," $ 791,417 "," $ 772,359 ",97.59%,30,," $ 679,900 "," $ 670,000 ",98.54%,20,
17-Nov-25,Freehold,171,123,126," $ 794,617 "," $ 771,901 ",97.14%,38,," $ 696,950 "," $ 682,750 ",97.96%,25,
24-Nov-25,Freehold,208,95,129," $ 821,748 "," $ 798,311 ",97.15%,43,," $ 725,000 "," $ 715,000 ",98.62%,28,
01-Dec-25,Freehold,178,112,108," $ 792,361 "," $ 772,816 ",97.53%,41,," $ 698,444 "," $ 681,750 ",97.61%,28,
08-Dec-25,Freehold,144,83,105," $ 757,588 "," $ 739,996 ",97.68%,36,," $ 689,900 "," $ 670,000 ",97.12%,30,
15-Dec-25,Freehold,108,79,100," $ 817,921 "," $ 786,824 ",96.20%,50,," $ 677,400 "," $ 667,500 ",98.54%,35,
22-Dec-25,Freehold,62,71,98," $ 776,996 "," $ 752,937 ",96.90%,41,," $ 675,000 "," $ 654,950 ",97.03%,32,
29-Dec-25,Freehold,26,54,47," $ 749,643 "," $ 726,102 ",96.86%,50,," $ 649,900 "," $ 639,900 ",98.46%,41,
05-Jan-26,Freehold,63,44,34," $ 804,726 "," $ 774,110 ",96.20%,59,," $ 749,950 "," $ 735,000 ",98.01%,51,
12-Jan-26,Freehold,194,77,75," $ 809,307 "," $ 783,092 ",96.76%,57,," $ 679,900 "," $ 652,000 ",95.90%,47,
19-Jan-26,Freehold,213,107,92," $ 742,226 "," $ 719,052 ",96.88%,59,," $ 658,000 "," $ 651,000 ",98.94%,45,
26-Jan-26,Freehold,240,124,112," $ 757,425 "," $ 741,293 ",97.87%,61,," $ 722,400 "," $ 701,950 ",97.17%,50,
02-Feb-26,Freehold,226,110,146," $ 740,329 "," $ 724,306 ",97.84%,46,," $ 649,950 "," $ 649,000 ",99.85%,21,
09-Feb-26,Freehold,234,106,137," $ 769,654 "," $ 753,201 ",97.86%,45,," $ 679,000 "," $ 664,000 ",97.79%,24,
16-Feb-26,Freehold,180,111,110," $ 786,739 "," $ 770,918 ",97.99%,39,," $ 699,900 "," $ 685,500 ",97.94%,19,
23-Feb-26,Freehold,245,121,124," $ 839,244 "," $ 820,543 ",97.77%,36,," $ 749,450 "," $ 722,500 ",96.40%,21,
02-Mar-26,Freehold,313,135,144," $ 791,440 "," $ 776,902 ",98.16%,34,," $ 712,723 "," $ 702,000 ",98.50%,17,
09-Mar-26,Freehold,362,168,134," $ 817,383 "," $ 804,918 ",98.48%,39,," $ 744,900 "," $ 736,200 ",98.83%,16,
16-Mar-26,Freehold,297,181,177," $ 867,516 "," $ 848,172 ",97.77%,35,," $ 724,000 "," $ 713,000 ",98.48%,18,
23-Mar-26,Freehold,240,135,187," $ 815,483 "," $ 799,988 ",98.10%,37,," $ 735,000 "," $ 721,108 ",98.11%,19,
30-Mar-26,Freehold,350,150,160," $ 781,278 "," $ 768,169 ",98.32%,30,," $ 732,400 "," $ 720,000 ",98.31%,19,
06-Apr-26,Freehold,307,194,137," $ 787,186 "," $ 783,542 ",99.54%,29,," $ 725,000 "," $ 727,500 ",100.34%,17,
13-Apr-26,Freehold,445,181,167," $ 857,357 "," $ 840,391 ",98.02%,35,," $ 772,400 "," $ 765,000 ",99.04%,19,
20-Apr-26,Freehold,415,205,209," $ 786,543 "," $ 774,756 ",98.50%,26,," $ 699,900 "," $ 700,000 ",100.01%,16,
27-Apr-26,Freehold,439,202,214," $ 878,885 "," $ 867,337 ",98.69%,35,," $ 749,450 "," $ 730,000 ",97.40%,16,
04-May-26,Freehold,466,199,225," $ 840,075 "," $ 829,674 ",98.76%,30,," $ 776,950 "," $ 759,000 ",97.69%,15,
11-May-26,Freehold,458,231,251," $ 821,452 "," $ 813,161 ",98.99%,27,," $ 750,000 "," $ 756,000 ",100.80%,14,
18-May-26,Freehold,418,198,254," $ 858,270 "," $ 851,928 ",99.26%,28,," $ 729,950 "," $ 723,500 ",99.12%,15,
25-May-26,Freehold,457,231,192," $ 832,488 "," $ 826,254 ",99.25%,28,," $ 739,950 "," $ 730,000 ",98.66%,16,
01-Jun-26,Freehold,472,203,262," $ 846,647 "," $ 836,350 ",98.78%,28,," $ 749,900 "," $ 745,000 ",99.35%,17,
08-Jun-26,Freehold,491,229,234," $ 850,282 "," $ 841,339 ",98.95%,28,," $ 749,450 "," $ 746,250 ",99.57%,16,
15-Jun-26,Freehold,461,219,225," $ 874,365 "," $ 859,985 ",98.36%,26,," $ 799,000 "," $ 775,000 ",97.00%,18,
22-Jun-26,Freehold,456,210,247," $ 850,066 "," $ 841,273 ",98.97%,25,," $ 749,800 "," $ 733,032 ",97.76%,19,
29-Jun-26,Freehold,358,204,208," $ 776,748 "," $ 763,748 ",98.33%,31,," $ 712,500 "," $ 702,500 ",98.60%,20,
06-Jul-26,Freehold,279,189,159," $ 805,392 "," $ 790,517 ",98.15%,31,," $ 715,000 "," $ 699,000 ",97.76%,21,
13-Jul-26,Freehold,416,173,196," $ 784,790 "," $ 770,101 ",98.13%,35,," $ 699,950 "," $ 683,000 ",97.58%,23,