,Freehold Sales (Occupancy Type),,,,Condo Sales (Occupancy Type),,,
Date,Owner,Tenant,Vacant,Total,Owner,Tenant,Vacant,Total
27-Nov-23,56,3,39,98,20,1,23,44
4-Dec-23,61,1,45,107,18,2,22,42
11-Dec-23,59,4,29,92,18,5,16,39
18-Dec-23,44,2,34,80,20,1,14,35
25-Dec-23,45,3,45,93,8,4,,12
1-Jan-24,23,1,15,39,5,1,11,17
8-Jan-24,21,1,29,51,8,4,14,26
15-Jan-24,37,3,48,88,11,2,20,33
22-Jan-24,44,3,36,83,8,2,10,20
29-Jan-24,62,6,54,122,20,3,24,47
5-Feb-24,59,7,40,106,24,5,27,56
12-Feb-24,71,4,45,120,26,5,22,53
19-Feb-24,89,8,53,150,25,3,30,58
26-Feb-24,67,11,30,108,20,7,25,52
4-Mar-24,109,3,43,155,25,6,23,54
11-Mar-24,108,4,50,162,33,5,30,68
18-Mar-24,94,6,47,147,37,7,27,71
25-Mar-24,90,10,55,155,33,9,20,62
1-Apr-24,104,9,56,169,26,15,31,72
8-Apr-24,117,17,45,179,36,7,25,68
15-Apr-24,147,1,71,219,45,15,26,86
22-Apr-24,142,13,70,225,42,12,34,88
29-Apr-24,156,8,47,211,35,8,28,71
6-May-24,170,11,43,224,36,7,26,69
13-May-24,145,9,50,204,37,5,44,86
20-May-24,154,10,53,217,47,9,32,88
27-May-24,127,7,47,181,45,7,20,72
3-Jun-24,147,12,53,212,52,13,37,102
10-Jun-24,163,14,60,237,35,11,30,76
17-Jun-24,171,8,54,233,43,10,39,92
24-Jun-24,133,11,55,199,45,8,33,86
1-Jul-24,135,12,61,208,35,11,29,75
8-Jul-24,84,5,33,122,31,6,27,64
15-Jul-24,134,9,60,203,31,3,24,58
22-Jul-24,104,7,42,153,28,13,25,66
29-Jul-24,123,7,52,182,41,9,23,73
5-Aug-24,110,5,50,165,33,7,19,59
12-Aug-24,108,6,38,152,17,2,24,43
19-Aug-24,82,5,54,141,38,7,32,77
26-Aug-24,108,4,46,158,23,6,25,54
2-Sep-24,105,5,41,151,31,4,27,62
9-Sep-24,81,7,32,120,24,1,22,47
16-Sep-24,101,5,63,169,33,7,34,74
23-Sep-24,104,11,53,168,22,7,29,58
30-Sep-24,92,6,59,157,28,4,25,57
7-Oct-24,108,5,60,173,18,7,24,49
14-Oct-24,103,5,67,175,31,4,32,67
21-Oct-24,82,5,46,133,27,3,22,52
28-Oct-24,110,6,57,173,22,3,21,46
4-Nov-24,96,3,66,165,34,11,26,71
11-Nov-24,109,9,76,194,21,2,26,49
18-Nov-24,98,4,61,163,26,1,30,57
25-Nov-24,82,6,44,132,21,3,25,49
2-Dec-24,67,4,53,124,17,3,22,42
9-Dec-24,47,2,37,86,22,1,24,47
16-Dec-24,52,5,48,105,11,4,21,36
23-Dec-24,48,4,44,96,15,4,25,44
30-Dec-24,15,4,15,34,6,0,11,17
6-Jan-25,13,5,19,37,8,0,10,18
13-Jan-25,31,5,39,75,12,5,14,31
20-Jan-25,46,5,39,90,14,2,25,41
27-Jan-25,46,4,50,100,17,6,26,49
3-Feb-25,67,7,46,120,17,3,28,48
10-Feb-25,59,5,41,105,14,5,28,47
17-Feb-25,71,8,49,128,15,6,33,54
24-Feb-25,54,7,38,99,14,1,24,39
3-Mar-25,74,11,44,129,24,5,30,59
10-Mar-25,90,11,52,153,22,6,23,51
17-Mar-25,77,8,49,134,22,7,38,67
24-Mar-25,95,6,45,146,32,6,25,63
31-Mar-25,127,4,51,182,41,4,32,77
7-Apr-25,114,11,67,192,27,6,30,63
14-Apr-25,122,9,52,183,30,10,32,72
21-Apr-25,108,11,49,168,30,6,31,67
28-Apr-25,122,5,59,186,38,6,24,68
5-May-25,162,19,66,247,35,14,30,79
12-May-25,164,16,54,234,39,5,28,72
19-May-25,194,12,75,281,40,5,40,85
26-May-25,149,12,58,219,41,4,26,71
2-Jun-25,176,17,64,257,44,6,26,76
9-Jun-25,157,8,70,235,29,14,40,83
16-Jun-25,158,8,73,239,34,6,28,68
23-Jun-25,170,11,71,252,35,6,32,73
30-Jun-25,159,17,73,249,39,9,17,65
7-Jul-25,119,8,38,165,28,10,24,62
14-Jul-25,126,9,64,199,33,4,28,65
21-Jul-25,120,6,49,175,34,4,23,61
28-Jul-25,122,10,34,166,29,3,28,60
4-Aug-25,114,10,54,178,27,4,23,54
11-Aug-25,82,5,48,135,24,0,19,43
18-Aug-25,123,9,61,193,26,5,35,66
25-Aug-25,109,6,66,181,30,4,28,62
1-Sep-25,110,7,45,162,26,8,33,67
8-Sep-25,82,9,37,128,15,4,22,41
15-Sep-25,127,6,56,189,30,8,26,64
22-Sep-25,107,7,60,174,26,6,26,58
29-Sep-25,97,8,76,181,33,3,26,62
6-Oct-25,104,8,62,174,30,3,29,62
13-Oct-25,99,7,60,166,26,0,21,47
20-Oct-25,99,9,49,157,20,1,19,40
27-Oct-25,95,3,75,173,25,3,29,57
3-Nov-25,93,2,75,170,23,3,18,44
10-Nov-25,94,5,72,171,28,5,33,66
17-Nov-25,77,3,46,126,10,4,29,43
24-Nov-25,59,8,62,129,18,2,20,40
1-Dec-25,57,7,44,108,21,3,25,49
8-Dec-25,49,7,49,105,11,3,19,33
15-Dec-25,42,9,49,100,12,24,0,36
22-Dec-25,44,5,49,98,14,1,22,37
29-Dec-25,23,6,18,47,5,0,13,18
5-Jan-26,16,2,16,34,6,2,5,13
12-Jan-26,41,5,29,75,4,2,16,22
19-Jan-26,44,5,43,92,9,2,21,32
26-Jan-26,49,9,54,112,13,3,30,46
2-Feb-26,59,7,80,146,13,5,37,55
9-Feb-26,68,8,61,137,23,1,26,50
16-Feb-26,53,4,53,110,20,3,29,52
23-Feb-26,50,6,68,124,16,4,30,50
2-Mar-26,85,4,55,144,26,2,37,65
9-Mar-26,84,5,45,134,16,2,31,49
16-Mar-26,104,3,70,177,22,2,32,56
23-Mar-26,111,14,62,187,29,4,21,54
30-Mar-26,92,11,57,160,27,2,26,55
6-Apr-26,81,8,48,137,20,3,26,49
13-Apr-26,96,9,62,167,24,1,26,51
20-Apr-26,120,9,80,209,31,7,39,77
27-Apr-26,128,8,78,214,41,7,20,68
4-May-26,147,7,71,225,27,12,26,65
11-May-26,170,7,74,251,25,4,32,61
18-May-26,183,9,62,254,44,10,21,75
25-May-26,118,8,66,192,37,6,21,64
1-Jun-26,181,17,64,262,38,6,38,82
8-Jun-26,161,10,63,234,27,12,23,62
15-Jun-26,149,7,69,225,39,8,25,72
22-Jun-26,160,10,77,247,37,6,27,70
29-Jun-26,142,7,59,208,23,0,30,53
6-Jul-26,111,5,43,159,24,2,29,55
13-Jul-26,115,11,70,196,32,2,34,68
20-Jul-26,113,2,54,169,24,4,25,53
27-Jul-26,122,7,59,188,36,2,29,67
3-Aug-26,110,5,58,173,26,5,26,57
10-Aug-26,84,1,39,124,12,4,13,29