,Freehold Sales,,,,,,,Condo Sales,,,,,,
Date,$0 - $249K,$250K - $499K,$500K - $749K,$750K - $999k,$1M - $1.999M,$2M+,Total,$0 - $249K,$250K - $499K,$500K - $749K,$750K - $999k,$1M - $1.999M,$2M+,Total
27-Nov-23,0,7,55,23,13,0,98,0,38,5,0,1,0,44
4-Dec-2023,0,5,64,24,14,0,107,2,32,7,1,0,0,42
11-Dec-2023,0,7,44,31,10,0,92,1,34,4,0,0,0,39
18-Dec-23,1,8,51,15,5,0,80,0,27,7,0,1,0,35
25-Dec-2023,0,6,60,18,9,0,93,1,24,4,1,1,0,31
1-Jan-2024,0,1,25,10,3,0,39,0,14,1,0,2,0,17
8-Jan-24,0,4,26,12,9,0,51,2,19,5,0,0,0,26
15-Jan-2024,1,8,55,14,10,0,88,0,29,3,0,1,0,33
22-Jan-2024,0,2,57,14,10,0,83,0,17,2,1,0,0,20
29-Jan-24,0,4,75,29,14,0,122,0,38,8,1,0,0,47
5-Feb-2024,0,6,67,24,9,0,106,0,47,5,3,1,0,56
12-Feb-2024,0,4,73,32,11,0,120,1,46,6,0,0,0,53
19-Feb-24,0,6,88,42,14,0,150,0,49,7,1,1,0,58
26-Feb-2024,0,4,57,30,17,0,108,0,41,7,2,2,0,52
4-Mar-2024,0,7,79,44,25,0,155,0,44,8,2,0,0,54
11-Mar-24,0,4,77,52,29,0,162,0,54,11,2,1,0,68
18-Mar-2024,0,3,77,45,22,0,147,1,46,17,6,1,0,71
25-Mar-2024,0,7,85,35,28,0,155,0,55,5,1,1,0,62
1-Apr-24,0,6,103,44,16,0,169,2,54,13,3,0,0,72
8-Apr-2024,0,2,106,49,22,0,179,1,49,17,1,0,0,68
15-Apr-2024,1,4,106,78,30,0,219,1,64,18,3,0,0,86
22-Apr-24,0,6,118,56,45,0,225,1,73,9,4,1,0,88
29-Apr-2024,0,4,91,76,40,0,211,0,55,14,2,0,0,71
6-May-2024,0,4,125,69,26,0,224,0,50,16,3,0,0,69
13-May-24,3,6,106,54,35,0,204,0,62,18,4,2,0,86
20-May-2024,0,8,104,76,29,0,217,2,64,16,4,2,0,88
27-May-2024,1,5,86,58,31,0,181,1,56,11,0,4,0,72
3-Jun-24,0,7,109,57,39,0,212,0,73,26,2,1,0,102
10-Jun-2024,0,5,121,74,37,0,237,0,65,5,4,2,0,76
17-Jun-2024,1,4,117,73,38,0,233,0,78,9,4,1,0,92
24-Jun-24,2,7,108,49,33,0,199,1,60,21,1,3,0,86
1-Jul-2024,0,6,121,56,25,0,208,1,61,8,2,3,0,75
8-Jul-2024,2,0,64,32,24,0,122,2,45,11,4,2,0,64
15-Jul-24,0,6,127,51,19,0,203,0,47,9,1,1,0,58
22-Jul-2024,1,5,81,42,24,0,153,3,54,7,2,0,0,66
29-Jul-2024,0,7,102,46,27,0,182,1,59,9,2,2,0,73
5-Aug-24,1,6,96,37,25,0,165,1,46,9,2,1,0,59
12-Aug-2024,0,10,79,38,25,0,152,0,37,6,0,0,0,43
19-Aug-2024,1,4,81,32,23,0,141,2,63,11,1,0,0,77
26-Aug-24,1,6,88,45,18,0,158,0,47,6,1,0,0,54
2-Sep-2024,2,6,77,38,28,0,151,1,50,9,0,2,0,62
9-Sep-2024,1,1,63,35,20,0,120,1,41,3,1,1,0,47
16-Sep-24,1,7,89,50,22,0,169,1,59,8,5,1,0,74
23-Sep-2024,0,7,89,48,24,0,168,0,49,7,2,0,0,58
30-Sep-2024,1,6,73,55,20,0,155,0,44,9,3,0,0,56
7-Oct-24,0,3,87,62,21,0,173,1,40,5,3,0,0,49
14-Oct-2024,0,16,94,42,23,0,175,1,55,9,2,0,0,67
21-Oct-2024,2,5,69,32,25,0,133,1,40,10,1,0,0,52
28-Oct-2024,0,11,90,47,25,0,173,2,35,6,3,0,0,46
4-Nov-2024,0,8,87,49,21,0,165,1,53,14,3,0,0,71
11-Nov-2024,0,4,119,46,25,0,194,0,36,11,2,0,0,49
18-Nov-2024,0,6,99,41,17,0,163,0,44,9,4,0,0,57
25-Nov-2024,2,3,82,32,13,0,132,0,39,9,1,0,0,49
2-Dec-2024,0,4,67,38,15,0,124,3,33,4,1,1,0,42
9-Dec-2024,0,4,46,25,11,0,86,1,40,5,0,1,0,47
16-Dec-2024,0,5,60,25,15,0,105,1,28,5,2,0,0,36
23-Dec-2024,1,7,51,27,10,0,96,1,39,3,1,0,0,44
30-Dec-2024,0,3,22,9,1,0,35,0,12,3,0,2,0,17
6-Jan-2025,0,1,24,8,4,0,37,1,15,2,0,0,0,18
13-Jan-2025,0,4,42,21,8,0,75,3,25,2,0,1,0,31
20-Jan-2025,0,2,49,28,11,0,90,3,28,7,3,0,0,41
27-Jan-2025,0,6,58,25,11,0,100,1,32,12,4,0,0,49
3-Feb-2025,1,2,63,31,23,0,120,1,40,4,3,0,0,48
10-Feb-2025,0,2,56,32,15,0,105,1,37,4,4,1,0,47
17-Feb-2025,1,1,61,48,17,0,128,0,44,8,2,0,0,54
24-Feb-2025,0,9,44,31,15,0,99,1,31,5,0,2,0,39
3-Mar-2025,1,4,64,38,22,0,129,1,46,12,0,0,0,59
10-Mar-2025,1,12,79,39,22,0,153,2,44,4,1,0,0,51
17-Mar-2025,0,3,77,41,15,0,136,2,58,5,2,0,0,67
24-Mar-2025,0,4,76,44,22,0,146,1,50,11,1,0,0,63
31-Mar-2025,2,6,85,60,29,0,182,1,53,19,4,0,0,77
7-Apr-2025,2,3,93,66,28,0,192,1,50,9,1,2,0,63
14-Apr-2025,0,3,83,62,35,0,183,1,56,14,1,0,0,72
21-Apr-2025,0,8,87,54,19,0,168,1,47,14,3,2,0,67
28-Apr-2025,0,6,85,61,34,0,186,1,54,12,1,0,0,68
5-May-2025,1,4,123,73,42,4,247,1,64,9,1,4,0,79
12-May-2025,0,5,116,69,41,3,234,0,53,11,7,1,0,72
19-May-2025,1,4,137,89,45,5,281,0,63,16,4,1,1,85
26-May-2025,1,3,106,65,40,4,219,0,54,13,3,1,0,71
2-Jun-2025,0,3,130,78,46,3,260,0,55,15,3,3,0,76
9-Jun-2025,2,6,110,76,39,2,235,3,62,16,1,1,0,83
16-Jun-2025,1,8,114,75,38,3,239,3,52,11,2,0,0,68
23-Jun-2025,1,4,109,83,51,4,252,3,56,12,1,1,0,73
30-Jun-2025,0,12,113,89,35,2,251,1,52,11,0,1,0,65
7-Jul-2025,2,5,82,43,30,3,165,2,45,13,,2,0,62
14-Jul-2025,0,4,103,59,32,1,199,2,48,13,1,1,0,65
21-Jul-2025,0,3,108,37,27,0,175,3,49,8,1,0,0,61
28-Jul-2025,1,5,84,47,27,2,166,1,48,10,1,0,0,60
4-Aug-2025,2,10,82,61,2,1,158,1,45,6,1,1,0,54
11-Aug-2025,0,8,67,35,24,1,135,2,30,8,0,3,0,43
18-Aug-2025,1,7,104,52,29,2,195,5,53,5,3,0,0,66
25-Aug-2025,3,11,103,43,21,0,181,3,47,9,2,1,0,62
1-Sep-2025,2,6,78,49,27,1,163,3,56,8,0,0,0,67
8-Sep-2025,2,9,59,33,23,2,128,1,31,9,0,0,0,41
15-Sep-2025,1,5,99,58,24,2,189,3,43,14,4,0,0,64
22-Sep-2025,2,4,98,46,22,2,174,3,45,8,2,0,0,58
29-Sep-2025,1,7,102,42,26,3,181,1,44,13,2,2,0,62
6-Oct-2025,0,7,98,38,28,3,174,0,46,12,3,1,0,62
13-Oct-2025,0,6,85,42,31,2,166,2,32,9,3,1,0,47
20-Oct-2025,0,9,84,38,24,2,157,0,32,6,1,1,0,40
27-Oct-2025,1,8,95,44,19,6,173,1,50,5,1,0,0,57
3-Nov-2025,0,5,94,45,24,2,170,0,38,5,0,1,0,44
10-Nov-2025,0,13,98,33,24,3,171,3,53,7,2,0,1,66
17-Nov-2025,2,6,72,29,15,2,126,2,31,8,1,1,0,43
24-Nov-2025,0,6,65,40,15,3,129,1,32,6,0,1,0,40
1-Dec-2025,1,4,67,20,14,2,108,2,35,10,2,0,0,49
8-Dec-2025,0,9,62,23,10,1,105,2,26,2,1,2,0,33
15-Dec-2025,0,9,54,23,13,1,100,0,31,2,3,0,0,36
22-Dec-2025,0,8,61,16,12,1,98,3,26,6,2,0,0,37
29-Dec-2025,0,4,30,8,5,0,47,0,17,1,0,0,0,18
5-Jan-2026,0,3,16,12,3,0,34,1,9,3,0,0,0,13
12-Jan-2026,1,4,43,18,7,2,75,3,16,3,0,0,0,22
19-Jan-2026,0,7,55,22,8,0,92,1,30,1,0,0,0,32
26-Jan-2026,2,3,59,38,10,0,112,1,42,3,0,0,0,46
2-Feb-2026,1,8,92,34,10,1,146,1,48,5,0,1,0,55
9-Feb-2026,1,10,74,32,19,1,137,3,39,6,1,1,0,50
16-Feb-2026,0,9,62,25,12,2,110,2,40,10,0,0,0,52
23-Feb-2026,0,7,60,33,22,2,124,3,40,6,0,1,0,50
2-Mar-2026,1,7,72,41,23,0,144,3,50,9,3,0,0,65
9-Mar-2026,1,3,65,38,27,0,134,5,33,10,1,0,0,49
16-Mar-2026,0,2,95,48,25,7,177,1,42,11,1,1,0,56
23-Mar-2026,2,4,94,59,25,3,187,3,39,11,0,1,0,54
30-Mar-2026,0,10,79,49,22,0,160,1,48,5,1,0,0,55
6-Apr-2026,1,4,73,34,25,0,137,2,34,7,6,0,0,49
13-Apr-2026,1,4,72,56,32,2,167,1,45,4,0,1,0,51
20-Apr-2026,0,7,119,53,29,1,209,2,54,17,3,1,0,77
27-Apr-2026,0,5,108,48,51,2,214,1,57,7,2,1,0,68
4-May-2026,1,7,99,70,45,3,225,6,49,6,3,1,0,65
11-May-2026,0,5,117,90,37,2,251,4,42,10,4,1,0,61
18-May-2026,0,6,132,56,57,3,254,5,49,16,2,3,0,75
25-May-2026,0,10,88,59,31,4,192,1,48,12,2,1,0,64
1-Jun-2026,1,9,122,76,50,4,262,5,62,12,2,1,0,82
8-Jun-2026,0,13,105,65,48,3,234,3,52,6,1,0,0,62
15-Jun-2026,0,9,98,69,46,3,225,4,47,16,3,2,0,72
22-Jun-2026,0,14,116,70,41,6,247,4,45,16,3,1,1,70
29-Jun-2026,0,12,106,63,25,2,208,5,44,2,2,0,0,53
6-Jul-2026,2,8,85,38,25,1,159,2,46,7,0,0,0,55
13-Jul-2026,1,12,100,60,20,3,196,2,54,9,0,3,0,68