FSA,Province,CMA,CMA_TYPE,CREA_BOARD
A0A,Newfoundland and Labrador,,,
A0B,Newfoundland and Labrador,,,
A0C,Newfoundland and Labrador,,,
A0E,Newfoundland and Labrador,,,
A0G,Newfoundland and Labrador,Gander,D,
A0H,Newfoundland and Labrador,,,
A0J,,,,
A0K,Newfoundland and Labrador,,,
A0L,Newfoundland and Labrador,,,
A0M,Newfoundland and Labrador,,,
A0N,Newfoundland and Labrador,,,
A0P,Newfoundland and Labrador,,,
A0R,Newfoundland and Labrador,,,
A1A,Newfoundland and Labrador,St. John's,B,ST_JOHNS_NL
A1B,Newfoundland and Labrador,St. John's,B,ST_JOHNS_NL
A1C,Newfoundland and Labrador,St. John's,B,ST_JOHNS_NL
A1E,Newfoundland and Labrador,St. John's,B,ST_JOHNS_NL
A1G,Newfoundland and Labrador,St. John's,B,ST_JOHNS_NL
A1H,Newfoundland and Labrador,St. John's,B,ST_JOHNS_NL
A1K,Newfoundland and Labrador,St. John's,B,ST_JOHNS_NL
A1L,Newfoundland and Labrador,St. John's,B,ST_JOHNS_NL
A1M,Newfoundland and Labrador,St. John's,B,ST_JOHNS_NL
A1N,Newfoundland and Labrador,St. John's,B,ST_JOHNS_NL
A1S,Newfoundland and Labrador,St. John's,B,ST_JOHNS_NL
A1V,Newfoundland and Labrador,Gander,D,
A1W,Newfoundland and Labrador,St. John's,B,ST_JOHNS_NL
A1X,Newfoundland and Labrador,St. John's,B,ST_JOHNS_NL
A1Y,Newfoundland and Labrador,,,
A2A,Newfoundland and Labrador,Grand Falls-Windsor,D,
A2B,Newfoundland and Labrador,Grand Falls-Windsor,D,
A2H,Newfoundland and Labrador,Corner Brook,D,
A2N,Newfoundland and Labrador,,,
A2V,Newfoundland and Labrador,,,
A5A,Newfoundland and Labrador,,,
A8A,Newfoundland and Labrador,,,
B0C,Nova Scotia,,,
B0E,Nova Scotia,,,
B0H,Nova Scotia,,,
B0J,Nova Scotia,Halifax,B,HALIFAX_DARTMOUTH
B0K,Nova Scotia,,,
B0L,Nova Scotia,,,
B0M,Nova Scotia,,,
B0N,Nova Scotia,Halifax,B,HALIFAX_DARTMOUTH
B0P,Nova Scotia,,,
B0R,Nova Scotia,,,
B0S,Nova Scotia,,,
B0T,Nova Scotia,,,
B0V,,,,
B0W,Nova Scotia,,,
B1A,Nova Scotia,Cape Breton,D,
B1B,Nova Scotia,Cape Breton,D,
B1C,Nova Scotia,Cape Breton,D,
B1E,Nova Scotia,Cape Breton,D,
B1G,Nova Scotia,Cape Breton,D,
B1H,Nova Scotia,Cape Breton,D,
B1J,Nova Scotia,Cape Breton,D,
B1K,Nova Scotia,Cape Breton,D,
B1L,Nova Scotia,Cape Breton,D,
B1M,Nova Scotia,Cape Breton,D,
B1N,Nova Scotia,Cape Breton,D,
B1P,Nova Scotia,Cape Breton,D,
B1R,Nova Scotia,Cape Breton,D,
B1S,Nova Scotia,Cape Breton,D,
B1T,Nova Scotia,Cape Breton,D,
B1V,Nova Scotia,Cape Breton,D,
B1W,Nova Scotia,Cape Breton,D,
B1X,Nova Scotia,,,
B1Y,Nova Scotia,Cape Breton,D,
B2A,Nova Scotia,Cape Breton,D,
B2C,Nova Scotia,,,
B2E,Nova Scotia,,,
B2G,Nova Scotia,,,
B2H,Nova Scotia,New Glasgow,D,
B2J,Nova Scotia,,,
B2N,Nova Scotia,Truro,D,
B2R,Nova Scotia,Halifax,B,HALIFAX_DARTMOUTH
B2S,Nova Scotia,Halifax,B,HALIFAX_DARTMOUTH
B2T,Nova Scotia,Halifax,B,HALIFAX_DARTMOUTH
B2V,Nova Scotia,Halifax,B,HALIFAX_DARTMOUTH
B2W,Nova Scotia,Halifax,B,HALIFAX_DARTMOUTH
B2X,Nova Scotia,Halifax,B,HALIFAX_DARTMOUTH
B2Y,Nova Scotia,Halifax,B,HALIFAX_DARTMOUTH
B2Z,Nova Scotia,Halifax,B,HALIFAX_DARTMOUTH
B3A,Nova Scotia,Halifax,B,HALIFAX_DARTMOUTH
B3B,Nova Scotia,Halifax,B,HALIFAX_DARTMOUTH
B3E,Nova Scotia,Halifax,B,HALIFAX_DARTMOUTH
B3G,Nova Scotia,Halifax,B,HALIFAX_DARTMOUTH
B3H,Nova Scotia,Halifax,B,HALIFAX_DARTMOUTH
B3J,Nova Scotia,Halifax,B,HALIFAX_DARTMOUTH
B3K,Nova Scotia,Halifax,B,HALIFAX_DARTMOUTH
B3L,Nova Scotia,Halifax,B,HALIFAX_DARTMOUTH
B3M,Nova Scotia,Halifax,B,HALIFAX_DARTMOUTH
B3N,Nova Scotia,Halifax,B,HALIFAX_DARTMOUTH
B3P,Nova Scotia,Halifax,B,HALIFAX_DARTMOUTH
B3R,Nova Scotia,Halifax,B,HALIFAX_DARTMOUTH
B3S,Nova Scotia,Halifax,B,HALIFAX_DARTMOUTH
B3T,Nova Scotia,Halifax,B,HALIFAX_DARTMOUTH
B3V,Nova Scotia,Halifax,B,HALIFAX_DARTMOUTH
B3Z,Nova Scotia,Halifax,B,HALIFAX_DARTMOUTH
B4A,Nova Scotia,Halifax,B,HALIFAX_DARTMOUTH
B4B,Nova Scotia,Halifax,B,HALIFAX_DARTMOUTH
B4C,Nova Scotia,Halifax,B,HALIFAX_DARTMOUTH
B4E,Nova Scotia,Halifax,B,HALIFAX_DARTMOUTH
B4G,Nova Scotia,Halifax,B,HALIFAX_DARTMOUTH
B4H,Nova Scotia,,,
B4N,Nova Scotia,Kentville,D,
B4P,Nova Scotia,,,
B4R,Nova Scotia,Kentville,D,
B4V,Nova Scotia,,,
B5A,Nova Scotia,,,
B6L,Nova Scotia,Truro,D,
B9A,Nova Scotia,,,
C0A,Prince Edward Island,,,
C0B,Prince Edward Island,,,
C1A,Prince Edward Island,Charlottetown,D,PRINCE_EDWARD_ISLAND
C1B,Prince Edward Island,Charlottetown,D,PRINCE_EDWARD_ISLAND
C1C,Prince Edward Island,Charlottetown,D,PRINCE_EDWARD_ISLAND
C1E,Prince Edward Island,Charlottetown,D,PRINCE_EDWARD_ISLAND
C1N,Prince Edward Island,,,
E1A,New Brunswick,Moncton,B,GREATER_MONCTON
E1B,New Brunswick,Moncton,B,GREATER_MONCTON
E1C,New Brunswick,Moncton,B,GREATER_MONCTON
E1E,New Brunswick,Moncton,B,GREATER_MONCTON
E1G,New Brunswick,Moncton,B,GREATER_MONCTON
E1H,New Brunswick,Moncton,B,GREATER_MONCTON
E1J,New Brunswick,Moncton,B,GREATER_MONCTON
E1N,New Brunswick,Miramichi,D,
E1V,New Brunswick,Miramichi,D,
E1W,New Brunswick,,,
E1X,New Brunswick,,,
E2A,New Brunswick,Bathurst,D,
E2E,New Brunswick,Saint John,B,SAINT_JOHN_NB
E2G,New Brunswick,Saint John,B,SAINT_JOHN_NB
E2H,New Brunswick,Saint John,B,SAINT_JOHN_NB
E2J,New Brunswick,Saint John,B,SAINT_JOHN_NB
E2K,New Brunswick,Saint John,B,SAINT_JOHN_NB
E2L,New Brunswick,Saint John,B,SAINT_JOHN_NB
E2M,New Brunswick,Saint John,B,SAINT_JOHN_NB
E2N,New Brunswick,Saint John,B,SAINT_JOHN_NB
E2P,New Brunswick,Saint John,B,SAINT_JOHN_NB
E2S,New Brunswick,Saint John,B,SAINT_JOHN_NB
E2V,New Brunswick,,,
E3A,New Brunswick,Fredericton,B,FREDERICTON
E3B,New Brunswick,Fredericton,B,FREDERICTON
E3C,New Brunswick,Fredericton,B,FREDERICTON
E3E,New Brunswick,Fredericton,B,FREDERICTON
E3G,New Brunswick,Fredericton,B,FREDERICTON
E3L,New Brunswick,,,
E3N,New Brunswick,Campbellton (New Brunswick part / partie du Nouveau-Brunswick),D,
E3V,New Brunswick,Edmundston,D,
E3Y,New Brunswick,,,
E3Z,New Brunswick,,,
E4A,New Brunswick,,,
E4B,New Brunswick,,,
E4C,New Brunswick,,,
E4E,New Brunswick,,,
E4G,New Brunswick,,,
E4H,New Brunswick,,,
E4J,New Brunswick,,,
E4K,New Brunswick,Moncton,B,GREATER_MONCTON
E4L,New Brunswick,,,
E4M,New Brunswick,,,
E4N,New Brunswick,,,
E4P,New Brunswick,,,
E4R,New Brunswick,,,
E4S,New Brunswick,,,
E4T,New Brunswick,,,
E4V,New Brunswick,,,
E4W,New Brunswick,,,
E4X,New Brunswick,,,
E4Y,New Brunswick,,,
E4Z,New Brunswick,,,
E5A,New Brunswick,,,
E5B,New Brunswick,,,
E5C,New Brunswick,,,
E5E,New Brunswick,,,
E5G,New Brunswick,,,
E5H,New Brunswick,,,
E5J,New Brunswick,Saint John,B,SAINT_JOHN_NB
E5K,New Brunswick,Saint John,B,SAINT_JOHN_NB
E5L,New Brunswick,,,
E5M,New Brunswick,,,
E5N,New Brunswick,Saint John,B,SAINT_JOHN_NB
E5P,New Brunswick,,,
E5R,New Brunswick,Saint John,B,SAINT_JOHN_NB
E5S,New Brunswick,Saint John,B,SAINT_JOHN_NB
E5T,New Brunswick,,,
E5V,New Brunswick,,,
E6A,New Brunswick,,,
E6B,New Brunswick,Fredericton,B,FREDERICTON
E6C,New Brunswick,Fredericton,B,FREDERICTON
E6E,New Brunswick,,,
E6G,New Brunswick,,,
E6H,New Brunswick,,,
E6J,New Brunswick,,,
E6K,New Brunswick,Fredericton,B,FREDERICTON
E6L,New Brunswick,Fredericton,B,FREDERICTON
E7A,New Brunswick,,,
E7B,New Brunswick,Edmundston,D,
E7C,New Brunswick,Edmundston,D,
E7E,New Brunswick,,,
E7G,New Brunswick,,,
E7H,New Brunswick,,,
E7J,New Brunswick,,,
E7K,New Brunswick,,,
E7L,New Brunswick,,,
E7M,New Brunswick,,,
E7N,New Brunswick,,,
E7P,New Brunswick,,,
E8A,New Brunswick,,,
E8B,New Brunswick,,,
E8C,New Brunswick,,,
E8E,New Brunswick,,,
E8G,New Brunswick,,,
E8J,New Brunswick,Bathurst,D,
E8K,New Brunswick,Bathurst,D,
E8L,New Brunswick,,,
E8M,New Brunswick,,,
E8N,New Brunswick,,,
E8P,New Brunswick,,,
E8R,New Brunswick,,,
E8S,,,,
E8T,New Brunswick,,,
E9A,New Brunswick,,,
E9B,New Brunswick,,,
E9C,New Brunswick,,,
E9E,New Brunswick,Miramichi,D,
E9G,New Brunswick,,,
E9H,New Brunswick,,,
G0A,Quebec,,,
G0C,Quebec,,,
G0E,Quebec,,,
G0G,Quebec,,,
G0H,Quebec,,,
G0J,Quebec,,,
G0K,Quebec,,,
G0L,Quebec,,,
G0M,Quebec,,,
G0N,Quebec,Thetford Mines,D,
G0P,Quebec,,,
G0R,Quebec,,,
G0S,Quebec,,,
G0T,Quebec,,,
G0V,Quebec,,,
G0W,Quebec,,,
G0X,Quebec,,,
G0Y,Quebec,,,
G0Z,Quebec,,,
G1B,Quebec,Québec,B,QUEBEC_CMA
G1C,Quebec,Québec,B,QUEBEC_CMA
G1E,Quebec,Québec,B,QUEBEC_CMA
G1G,Quebec,Québec,B,QUEBEC_CMA
G1H,Quebec,Québec,B,QUEBEC_CMA
G1J,Quebec,Québec,B,QUEBEC_CMA
G1K,Quebec,Québec,B,QUEBEC_CMA
G1L,Quebec,Québec,B,QUEBEC_CMA
G1M,Quebec,Québec,B,QUEBEC_CMA
G1N,Quebec,Québec,B,QUEBEC_CMA
G1P,Quebec,Québec,B,QUEBEC_CMA
G1R,Quebec,Québec,B,QUEBEC_CMA
G1S,Quebec,Québec,B,QUEBEC_CMA
G1T,Quebec,Québec,B,QUEBEC_CMA
G1V,Quebec,Québec,B,QUEBEC_CMA
G1W,Quebec,Québec,B,QUEBEC_CMA
G1X,Quebec,Québec,B,QUEBEC_CMA
G1Y,Quebec,Québec,B,QUEBEC_CMA
G2A,Quebec,Québec,B,QUEBEC_CMA
G2B,Quebec,Québec,B,QUEBEC_CMA
G2C,Quebec,Québec,B,QUEBEC_CMA
G2E,Quebec,Québec,B,QUEBEC_CMA
G2G,Quebec,Québec,B,QUEBEC_CMA
G2J,Quebec,Québec,B,QUEBEC_CMA
G2K,Quebec,Québec,B,QUEBEC_CMA
G2L,Quebec,Québec,B,QUEBEC_CMA
G2M,Quebec,Québec,B,QUEBEC_CMA
G2N,Quebec,Québec,B,QUEBEC_CMA
G3A,Quebec,Québec,B,QUEBEC_CMA
G3B,Quebec,Québec,B,QUEBEC_CMA
G3C,Quebec,Québec,B,QUEBEC_CMA
G3E,Quebec,Québec,B,QUEBEC_CMA
G3G,Quebec,Québec,B,QUEBEC_CMA
G3H,Quebec,,,
G3J,Quebec,Québec,B,QUEBEC_CMA
G3K,Quebec,Québec,B,QUEBEC_CMA
G3L,Quebec,,,
G3M,Quebec,,,
G3N,Quebec,Québec,B,QUEBEC_CMA
G3S,Quebec,Québec,B,QUEBEC_CMA
G3Z,Quebec,,,
G4A,Quebec,,,
G4R,Quebec,,,
G4S,Quebec,Sept-Îles,D,
G4T,Quebec,,,
G4V,Quebec,,,
G4W,Quebec,Matane,D,
G4X,Quebec,,,
G4Z,Quebec,,,
G5A,Quebec,,,
G5B,Quebec,,,
G5C,Quebec,Baie-Comeau,D,
G5H,Quebec,,,
G5J,Quebec,,,
G5L,Quebec,Rimouski,D,
G5M,Quebec,Rimouski,D,
G5N,Quebec,Rimouski,D,
G5R,Quebec,Rivière-du-Loup,D,
G5T,Quebec,,,
G5V,Quebec,,,
G5X,Quebec,,,
G5Y,Quebec,Saint-Georges,D,
G5Z,Quebec,Saint-Georges,D,
G6A,Quebec,Saint-Georges,D,
G6B,Quebec,,,
G6C,Quebec,Québec,B,QUEBEC_CMA
G6E,Quebec,Sainte-Marie,D,
G6G,Quebec,Thetford Mines,D,
G6H,Quebec,Thetford Mines,D,
G6J,Quebec,Québec,B,QUEBEC_CMA
G6K,Quebec,Québec,B,QUEBEC_CMA
G6L,Quebec,,,
G6P,Quebec,Victoriaville,D,
G6R,Quebec,Victoriaville,D,
G6S,Quebec,Victoriaville,D,
G6T,Quebec,Victoriaville,D,
G6V,Quebec,Québec,B,QUEBEC_CMA
G6W,Quebec,Québec,B,QUEBEC_CMA
G6X,Quebec,Québec,B,QUEBEC_CMA
G6Y,Quebec,Québec,B,QUEBEC_CMA
G6Z,Quebec,Québec,B,QUEBEC_CMA
G7A,Quebec,Québec,B,QUEBEC_CMA
G7B,Quebec,Saguenay,B,
G7G,Quebec,Saguenay,B,
G7H,Quebec,Saguenay,B,
G7J,Quebec,Saguenay,B,
G7K,Quebec,Saguenay,B,
G7N,Quebec,,,
G7P,Quebec,,,
G7S,Quebec,Saguenay,B,
G7T,Quebec,Saguenay,B,
G7X,Quebec,Saguenay,B,
G7Y,Quebec,Saguenay,B,
G7Z,Quebec,Saguenay,B,
G8A,Quebec,Saguenay,B,
G8B,Quebec,Alma,D,
G8C,Quebec,Alma,D,
G8E,Quebec,Alma,D,
G8G,Quebec,,,
G8H,Quebec,,,
G8J,Quebec,,,
G8K,Quebec,,,
G8L,Quebec,,,
G8M,Quebec,,,
G8N,Quebec,,,
G8P,Quebec,,,
G8T,Quebec,Trois-Rivières,B,MAURICIE
G8V,Quebec,Trois-Rivières,B,MAURICIE
G8W,Quebec,Trois-Rivières,B,MAURICIE
G8Y,Quebec,Trois-Rivières,B,MAURICIE
G8Z,Quebec,Trois-Rivières,B,MAURICIE
G9A,Quebec,Trois-Rivières,B,MAURICIE
G9B,Quebec,Trois-Rivières,B,MAURICIE
G9C,Quebec,Trois-Rivières,B,MAURICIE
G9H,Quebec,Trois-Rivières,B,MAURICIE
G9N,Quebec,Shawinigan,D,
G9P,Quebec,Shawinigan,D,
G9R,Quebec,Shawinigan,D,
G9T,Quebec,Shawinigan,D,
G9X,Quebec,,,
H1A,Quebec,Montréal,B,MONTREAL_CMA
H1B,Quebec,Montréal,B,MONTREAL_CMA
H1C,Quebec,Montréal,B,MONTREAL_CMA
H1E,Quebec,Montréal,B,MONTREAL_CMA
H1G,Quebec,Montréal,B,MONTREAL_CMA
H1H,Quebec,Montréal,B,MONTREAL_CMA
H1J,Quebec,Montréal,B,MONTREAL_CMA
H1K,Quebec,Montréal,B,MONTREAL_CMA
H1L,Quebec,Montréal,B,MONTREAL_CMA
H1M,Quebec,Montréal,B,MONTREAL_CMA
H1N,Quebec,Montréal,B,MONTREAL_CMA
H1P,Quebec,Montréal,B,MONTREAL_CMA
H1R,Quebec,Montréal,B,MONTREAL_CMA
H1S,Quebec,Montréal,B,MONTREAL_CMA
H1T,Quebec,Montréal,B,MONTREAL_CMA
H1V,Quebec,Montréal,B,MONTREAL_CMA
H1W,Quebec,Montréal,B,MONTREAL_CMA
H1X,Quebec,Montréal,B,MONTREAL_CMA
H1Y,Quebec,Montréal,B,MONTREAL_CMA
H1Z,Quebec,Montréal,B,MONTREAL_CMA
H2A,Quebec,Montréal,B,MONTREAL_CMA
H2B,Quebec,Montréal,B,MONTREAL_CMA
H2C,Quebec,Montréal,B,MONTREAL_CMA
H2E,Quebec,Montréal,B,MONTREAL_CMA
H2G,Quebec,Montréal,B,MONTREAL_CMA
H2H,Quebec,Montréal,B,MONTREAL_CMA
H2J,Quebec,Montréal,B,MONTREAL_CMA
H2K,Quebec,Montréal,B,MONTREAL_CMA
H2L,Quebec,Montréal,B,MONTREAL_CMA
H2M,Quebec,Montréal,B,MONTREAL_CMA
H2N,Quebec,Montréal,B,MONTREAL_CMA
H2P,Quebec,Montréal,B,MONTREAL_CMA
H2R,Quebec,Montréal,B,MONTREAL_CMA
H2S,Quebec,Montréal,B,MONTREAL_CMA
H2T,Quebec,Montréal,B,MONTREAL_CMA
H2V,Quebec,Montréal,B,MONTREAL_CMA
H2W,Quebec,Montréal,B,MONTREAL_CMA
H2X,Quebec,Montréal,B,MONTREAL_CMA
H2Y,Quebec,Montréal,B,MONTREAL_CMA
H2Z,Quebec,Montréal,B,MONTREAL_CMA
H3A,Quebec,Montréal,B,MONTREAL_CMA
H3B,Quebec,Montréal,B,MONTREAL_CMA
H3C,Quebec,Montréal,B,MONTREAL_CMA
H3E,Quebec,Montréal,B,MONTREAL_CMA
H3G,Quebec,Montréal,B,MONTREAL_CMA
H3H,Quebec,Montréal,B,MONTREAL_CMA
H3J,Quebec,Montréal,B,MONTREAL_CMA
H3K,Quebec,Montréal,B,MONTREAL_CMA
H3L,Quebec,Montréal,B,MONTREAL_CMA
H3M,Quebec,Montréal,B,MONTREAL_CMA
H3N,Quebec,Montréal,B,MONTREAL_CMA
H3P,Quebec,Montréal,B,MONTREAL_CMA
H3R,Quebec,Montréal,B,MONTREAL_CMA
H3S,Quebec,Montréal,B,MONTREAL_CMA
H3T,Quebec,Montréal,B,MONTREAL_CMA
H3V,Quebec,Montréal,B,MONTREAL_CMA
H3W,Quebec,Montréal,B,MONTREAL_CMA
H3X,Quebec,Montréal,B,MONTREAL_CMA
H3Y,Quebec,Montréal,B,MONTREAL_CMA
H3Z,Quebec,Montréal,B,MONTREAL_CMA
H4A,Quebec,Montréal,B,MONTREAL_CMA
H4B,Quebec,Montréal,B,MONTREAL_CMA
H4C,Quebec,Montréal,B,MONTREAL_CMA
H4E,Quebec,Montréal,B,MONTREAL_CMA
H4G,Quebec,Montréal,B,MONTREAL_CMA
H4H,Quebec,Montréal,B,MONTREAL_CMA
H4J,Quebec,Montréal,B,MONTREAL_CMA
H4K,Quebec,Montréal,B,MONTREAL_CMA
H4L,Quebec,Montréal,B,MONTREAL_CMA
H4M,Quebec,Montréal,B,MONTREAL_CMA
H4N,Quebec,Montréal,B,MONTREAL_CMA
H4P,Quebec,Montréal,B,MONTREAL_CMA
H4R,Quebec,Montréal,B,MONTREAL_CMA
H4S,Quebec,Montréal,B,MONTREAL_CMA
H4T,Quebec,Montréal,B,MONTREAL_CMA
H4V,Quebec,Montréal,B,MONTREAL_CMA
H4W,Quebec,Montréal,B,MONTREAL_CMA
H4X,Quebec,Montréal,B,MONTREAL_CMA
H7A,Quebec,Montréal,B,MONTREAL_CMA
H7B,Quebec,Montréal,B,MONTREAL_CMA
H7C,Quebec,Montréal,B,MONTREAL_CMA
H7E,Quebec,Montréal,B,MONTREAL_CMA
H7G,Quebec,Montréal,B,MONTREAL_CMA
H7H,Quebec,Montréal,B,MONTREAL_CMA
H7J,Quebec,Montréal,B,MONTREAL_CMA
H7K,Quebec,Montréal,B,MONTREAL_CMA
H7L,Quebec,Montréal,B,MONTREAL_CMA
H7M,Quebec,Montréal,B,MONTREAL_CMA
H7N,Quebec,Montréal,B,MONTREAL_CMA
H7P,Quebec,Montréal,B,MONTREAL_CMA
H7R,Quebec,Montréal,B,MONTREAL_CMA
H7S,Quebec,Montréal,B,MONTREAL_CMA
H7T,Quebec,Montréal,B,MONTREAL_CMA
H7V,Quebec,Montréal,B,MONTREAL_CMA
H7W,Quebec,Montréal,B,MONTREAL_CMA
H7X,Quebec,Montréal,B,MONTREAL_CMA
H7Y,Quebec,Montréal,B,MONTREAL_CMA
H8N,Quebec,Montréal,B,MONTREAL_CMA
H8P,Quebec,Montréal,B,MONTREAL_CMA
H8R,Quebec,Montréal,B,MONTREAL_CMA
H8S,Quebec,Montréal,B,MONTREAL_CMA
H8T,Quebec,Montréal,B,MONTREAL_CMA
H8Y,Quebec,Montréal,B,MONTREAL_CMA
H8Z,Quebec,Montréal,B,MONTREAL_CMA
H9A,Quebec,Montréal,B,MONTREAL_CMA
H9B,Quebec,Montréal,B,MONTREAL_CMA
H9C,Quebec,Montréal,B,MONTREAL_CMA
H9E,Quebec,Montréal,B,MONTREAL_CMA
H9G,Quebec,Montréal,B,MONTREAL_CMA
H9H,Quebec,Montréal,B,MONTREAL_CMA
H9J,Quebec,Montréal,B,MONTREAL_CMA
H9K,Quebec,Montréal,B,MONTREAL_CMA
H9P,Quebec,Montréal,B,MONTREAL_CMA
H9R,Quebec,Montréal,B,MONTREAL_CMA
H9S,Quebec,Montréal,B,MONTREAL_CMA
H9W,Quebec,Montréal,B,MONTREAL_CMA
H9X,Quebec,Montréal,B,MONTREAL_CMA
J0A,Quebec,,,
J0B,Quebec,,,
J0C,Quebec,Drummondville,B,CENTRE_DU_QUEBEC
J0E,Quebec,,,
J0G,Quebec,,,
J0H,Quebec,,,
J0J,Quebec,,,
J0K,Quebec,,,
J0L,Quebec,Montréal,B,MONTREAL_CMA
J0M,Quebec,,,
J0N,Quebec,Montréal,B,MONTREAL_CMA
J0P,Quebec,,,
J0R,Quebec,,,
J0S,Quebec,,,
J0T,Quebec,,,
J0V,Quebec,,,
J0W,Quebec,,,
J0X,Quebec,,,
J0Y,Quebec,,,
J0Z,Quebec,,,
J1A,Quebec,,,
J1C,Quebec,Sherbrooke,B,ESTRIE
J1E,Quebec,Sherbrooke,B,ESTRIE
J1G,Quebec,Sherbrooke,B,ESTRIE
J1H,Quebec,Sherbrooke,B,ESTRIE
J1J,Quebec,Sherbrooke,B,ESTRIE
J1K,Quebec,Sherbrooke,B,ESTRIE
J1L,Quebec,Sherbrooke,B,ESTRIE
J1M,Quebec,Sherbrooke,B,ESTRIE
J1N,Quebec,Sherbrooke,B,ESTRIE
J1R,Quebec,Sherbrooke,B,ESTRIE
J1S,Quebec,,,
J1T,Quebec,,,
J1X,Quebec,Sherbrooke,B,ESTRIE
J1Z,Quebec,Drummondville,B,CENTRE_DU_QUEBEC
J2A,Quebec,Drummondville,B,CENTRE_DU_QUEBEC
J2B,Quebec,Drummondville,B,CENTRE_DU_QUEBEC
J2C,Quebec,Drummondville,B,CENTRE_DU_QUEBEC
J2E,Quebec,Drummondville,B,CENTRE_DU_QUEBEC
J2G,Quebec,Granby,K,
J2H,Quebec,Granby,K,
J2J,Quebec,Granby,K,
J2K,Quebec,,,
J2L,Quebec,Granby,K,
J2M,Quebec,,,
J2N,Quebec,,,
J2R,Quebec,Saint-Hyacinthe,K,
J2S,Quebec,Saint-Hyacinthe,K,
J2T,Quebec,Saint-Hyacinthe,K,
J2W,Quebec,Montréal,B,MONTREAL_CMA
J2X,Quebec,Montréal,B,MONTREAL_CMA
J2Y,Quebec,Montréal,B,MONTREAL_CMA
J3A,Quebec,Montréal,B,MONTREAL_CMA
J3B,Quebec,Montréal,B,MONTREAL_CMA
J3E,Quebec,Montréal,B,MONTREAL_CMA
J3G,Quebec,Montréal,B,MONTREAL_CMA
J3H,Quebec,Montréal,B,MONTREAL_CMA
J3L,Quebec,Montréal,B,MONTREAL_CMA
J3M,Quebec,,,
J3N,Quebec,Montréal,B,MONTREAL_CMA
J3P,Quebec,Sorel-Tracy,D,
J3R,Quebec,Sorel-Tracy,D,
J3T,Quebec,,,
J3V,Quebec,Montréal,B,MONTREAL_CMA
J3X,Quebec,Montréal,B,MONTREAL_CMA
J3Y,Quebec,Montréal,B,MONTREAL_CMA
J3Z,Quebec,Montréal,B,MONTREAL_CMA
J4B,Quebec,Montréal,B,MONTREAL_CMA
J4G,Quebec,Montréal,B,MONTREAL_CMA
J4H,Quebec,Montréal,B,MONTREAL_CMA
J4J,Quebec,Montréal,B,MONTREAL_CMA
J4K,Quebec,Montréal,B,MONTREAL_CMA
J4L,Quebec,Montréal,B,MONTREAL_CMA
J4M,Quebec,Montréal,B,MONTREAL_CMA
J4N,Quebec,Montréal,B,MONTREAL_CMA
J4P,Quebec,Montréal,B,MONTREAL_CMA
J4R,Quebec,Montréal,B,MONTREAL_CMA
J4S,Quebec,Montréal,B,MONTREAL_CMA
J4T,Quebec,Montréal,B,MONTREAL_CMA
J4V,Quebec,Montréal,B,MONTREAL_CMA
J4W,Quebec,Montréal,B,MONTREAL_CMA
J4X,Quebec,Montréal,B,MONTREAL_CMA
J4Y,Quebec,Montréal,B,MONTREAL_CMA
J4Z,Quebec,Montréal,B,MONTREAL_CMA
J5A,Quebec,Montréal,B,MONTREAL_CMA
J5B,Quebec,Montréal,B,MONTREAL_CMA
J5C,Quebec,Montréal,B,MONTREAL_CMA
J5J,Quebec,,,
J5K,Quebec,Montréal,B,MONTREAL_CMA
J5L,Quebec,Montréal,B,MONTREAL_CMA
J5M,Quebec,Montréal,B,MONTREAL_CMA
J5R,Quebec,Montréal,B,MONTREAL_CMA
J5T,Quebec,Montréal,B,MONTREAL_CMA
J5V,Quebec,,,
J5W,Quebec,Montréal,B,MONTREAL_CMA
J5X,Quebec,Montréal,B,MONTREAL_CMA
J5Y,Quebec,Montréal,B,MONTREAL_CMA
J5Z,Quebec,Montréal,B,MONTREAL_CMA
J6A,Quebec,Montréal,B,MONTREAL_CMA
J6E,Quebec,Joliette,D,
J6J,Quebec,Montréal,B,MONTREAL_CMA
J6K,Quebec,Montréal,B,MONTREAL_CMA
J6N,Quebec,Montréal,B,MONTREAL_CMA
J6R,Quebec,Montréal,B,MONTREAL_CMA
J6S,Quebec,Salaberry-de-Valleyfield,D,
J6T,Quebec,Salaberry-de-Valleyfield,D,
J6V,Quebec,Montréal,B,MONTREAL_CMA
J6W,Quebec,Montréal,B,MONTREAL_CMA
J6X,Quebec,Montréal,B,MONTREAL_CMA
J6Y,Quebec,Montréal,B,MONTREAL_CMA
J6Z,Quebec,Montréal,B,MONTREAL_CMA
J7A,Quebec,Montréal,B,MONTREAL_CMA
J7B,Quebec,Montréal,B,MONTREAL_CMA
J7C,Quebec,Montréal,B,MONTREAL_CMA
J7E,Quebec,Montréal,B,MONTREAL_CMA
J7G,Quebec,Montréal,B,MONTREAL_CMA
J7H,Quebec,Montréal,B,MONTREAL_CMA
J7J,Quebec,Montréal,B,MONTREAL_CMA
J7K,Quebec,Montréal,B,MONTREAL_CMA
J7L,Quebec,Montréal,B,MONTREAL_CMA
J7M,Quebec,Montréal,B,MONTREAL_CMA
J7N,Quebec,Montréal,B,MONTREAL_CMA
J7P,Quebec,Montréal,B,MONTREAL_CMA
J7R,Quebec,Montréal,B,MONTREAL_CMA
J7T,Quebec,Montréal,B,MONTREAL_CMA
J7V,Quebec,Montréal,B,MONTREAL_CMA
J7W,Quebec,Montréal,B,MONTREAL_CMA
J7X,Quebec,Montréal,B,MONTREAL_CMA
J7Y,Quebec,Montréal,B,MONTREAL_CMA
J7Z,Quebec,Montréal,B,MONTREAL_CMA
J8A,Quebec,,,
J8B,Quebec,,,
J8C,Quebec,Sainte-Agathe-des-Monts,D,
J8E,Quebec,,,
J8G,Quebec,,,
J8H,Quebec,,,
J8L,Quebec,Ottawa - Gatineau (partie du Québec / Quebec part),B,
J8M,Quebec,Ottawa - Gatineau (partie du Québec / Quebec part),B,
J8N,Quebec,Ottawa - Gatineau (partie du Québec / Quebec part),B,
J8P,Quebec,Ottawa - Gatineau (partie du Québec / Quebec part),B,
J8R,Quebec,Ottawa - Gatineau (partie du Québec / Quebec part),B,
J8T,Quebec,Ottawa - Gatineau (partie du Québec / Quebec part),B,
J8V,Quebec,Ottawa - Gatineau (partie du Québec / Quebec part),B,
J8X,Quebec,Ottawa - Gatineau (partie du Québec / Quebec part),B,
J8Y,Quebec,Ottawa - Gatineau (partie du Québec / Quebec part),B,
J8Z,Quebec,Ottawa - Gatineau (partie du Québec / Quebec part),B,
J9A,Quebec,Ottawa - Gatineau (partie du Québec / Quebec part),B,
J9B,Quebec,Ottawa - Gatineau (partie du Québec / Quebec part),B,
J9E,Quebec,,,
J9H,Quebec,Ottawa - Gatineau (partie du Québec / Quebec part),B,
J9J,Quebec,Ottawa - Gatineau (partie du Québec / Quebec part),B,
J9L,Quebec,,,
J9P,Quebec,Val-d'Or,D,
J9T,Quebec,Amos,D,
J9V,Quebec,,,
J9X,Quebec,Rouyn-Noranda,D,
J9Y,Quebec,Rouyn-Noranda,D,
J9Z,Quebec,,,
K0A,Ontario,Ottawa - Gatineau (Ontario part / partie de l'Ontario),B,OTTAWA
K0B,Ontario,,,
K0C,Ontario,,,
K0E,Ontario,Brockville,D,
K0G,Ontario,,,
K0H,Ontario,,,
K0J,Ontario,,,
K0K,Ontario,Belleville - Quinte West,B,
K0L,Ontario,,,
K0M,Ontario,,,
K1A,Ontario,Ottawa - Gatineau (Ontario part / partie de l'Ontario),B,OTTAWA
K1B,Ontario,Ottawa - Gatineau (Ontario part / partie de l'Ontario),B,OTTAWA
K1C,Ontario,Ottawa - Gatineau (Ontario part / partie de l'Ontario),B,OTTAWA
K1E,Ontario,Ottawa - Gatineau (Ontario part / partie de l'Ontario),B,OTTAWA
K1G,Ontario,Ottawa - Gatineau (Ontario part / partie de l'Ontario),B,OTTAWA
K1H,Ontario,Ottawa - Gatineau (Ontario part / partie de l'Ontario),B,OTTAWA
K1J,Ontario,Ottawa - Gatineau (Ontario part / partie de l'Ontario),B,OTTAWA
K1K,Ontario,Ottawa - Gatineau (Ontario part / partie de l'Ontario),B,OTTAWA
K1L,Ontario,Ottawa - Gatineau (Ontario part / partie de l'Ontario),B,OTTAWA
K1M,Ontario,Ottawa - Gatineau (Ontario part / partie de l'Ontario),B,OTTAWA
K1N,Ontario,Ottawa - Gatineau (Ontario part / partie de l'Ontario),B,OTTAWA
K1P,Ontario,Ottawa - Gatineau (Ontario part / partie de l'Ontario),B,OTTAWA
K1R,Ontario,Ottawa - Gatineau (Ontario part / partie de l'Ontario),B,OTTAWA
K1S,Ontario,Ottawa - Gatineau (Ontario part / partie de l'Ontario),B,OTTAWA
K1T,Ontario,Ottawa - Gatineau (Ontario part / partie de l'Ontario),B,OTTAWA
K1V,Ontario,Ottawa - Gatineau (Ontario part / partie de l'Ontario),B,OTTAWA
K1W,Ontario,Ottawa - Gatineau (Ontario part / partie de l'Ontario),B,OTTAWA
K1X,Ontario,Ottawa - Gatineau (Ontario part / partie de l'Ontario),B,OTTAWA
K1Y,Ontario,Ottawa - Gatineau (Ontario part / partie de l'Ontario),B,OTTAWA
K1Z,Ontario,Ottawa - Gatineau (Ontario part / partie de l'Ontario),B,OTTAWA
K2A,Ontario,Ottawa - Gatineau (Ontario part / partie de l'Ontario),B,OTTAWA
K2B,Ontario,Ottawa - Gatineau (Ontario part / partie de l'Ontario),B,OTTAWA
K2C,Ontario,Ottawa - Gatineau (Ontario part / partie de l'Ontario),B,OTTAWA
K2E,Ontario,Ottawa - Gatineau (Ontario part / partie de l'Ontario),B,OTTAWA
K2G,Ontario,Ottawa - Gatineau (Ontario part / partie de l'Ontario),B,OTTAWA
K2H,Ontario,Ottawa - Gatineau (Ontario part / partie de l'Ontario),B,OTTAWA
K2J,Ontario,Ottawa - Gatineau (Ontario part / partie de l'Ontario),B,OTTAWA
K2K,Ontario,Ottawa - Gatineau (Ontario part / partie de l'Ontario),B,OTTAWA
K2L,Ontario,Ottawa - Gatineau (Ontario part / partie de l'Ontario),B,OTTAWA
K2M,Ontario,Ottawa - Gatineau (Ontario part / partie de l'Ontario),B,OTTAWA
K2P,Ontario,Ottawa - Gatineau (Ontario part / partie de l'Ontario),B,OTTAWA
K2R,Ontario,Ottawa - Gatineau (Ontario part / partie de l'Ontario),B,OTTAWA
K2S,Ontario,Ottawa - Gatineau (Ontario part / partie de l'Ontario),B,OTTAWA
K2T,Ontario,Ottawa - Gatineau (Ontario part / partie de l'Ontario),B,OTTAWA
K2V,Ontario,Ottawa - Gatineau (Ontario part / partie de l'Ontario),B,OTTAWA
K2W,Ontario,Ottawa - Gatineau (Ontario part / partie de l'Ontario),B,OTTAWA
K4A,Ontario,Ottawa - Gatineau (Ontario part / partie de l'Ontario),B,OTTAWA
K4B,Ontario,Ottawa - Gatineau (Ontario part / partie de l'Ontario),B,OTTAWA
K4C,Ontario,Ottawa - Gatineau (Ontario part / partie de l'Ontario),B,OTTAWA
K4K,Ontario,Ottawa - Gatineau (Ontario part / partie de l'Ontario),B,OTTAWA
K4M,Ontario,Ottawa - Gatineau (Ontario part / partie de l'Ontario),B,OTTAWA
K4P,Ontario,Ottawa - Gatineau (Ontario part / partie de l'Ontario),B,OTTAWA
K4R,Ontario,Ottawa - Gatineau (Ontario part / partie de l'Ontario),B,OTTAWA
K6A,Ontario,,,
K6H,Ontario,,,
K6J,Ontario,Cornwall,D,
K6K,Ontario,Cornwall,D,
K6T,Ontario,Brockville,D,
K6V,Ontario,Brockville,D,
K7A,Ontario,,,
K7C,Ontario,Ottawa - Gatineau (Ontario part / partie de l'Ontario),B,OTTAWA
K7G,Ontario,,,
K7H,Ontario,,,
K7K,Ontario,Kingston,B,KINGSTON_AND_AREA
K7L,Ontario,Kingston,B,KINGSTON_AND_AREA
K7M,Ontario,Kingston,B,KINGSTON_AND_AREA
K7N,Ontario,Kingston,B,KINGSTON_AND_AREA
K7P,Ontario,Kingston,B,KINGSTON_AND_AREA
K7R,Ontario,,,
K7S,Ontario,Ottawa - Gatineau (Ontario part / partie de l'Ontario),B,OTTAWA
K7V,Ontario,,,
K8A,Ontario,Pembroke,D,
K8B,Ontario,Pembroke,D,
K8H,Ontario,Petawawa,D,
K8N,Ontario,Belleville - Quinte West,B,
K8P,Ontario,Belleville - Quinte West,B,
K8R,Ontario,Belleville - Quinte West,B,
K8V,Ontario,Belleville - Quinte West,B,
K9A,Ontario,,,
K9H,Ontario,Peterborough,B,PETERBOROUGH_AND_KAWARTHAS
K9J,Ontario,Peterborough,B,PETERBOROUGH_AND_KAWARTHAS
K9K,Ontario,Peterborough,B,PETERBOROUGH_AND_KAWARTHAS
K9L,Ontario,Peterborough,B,PETERBOROUGH_AND_KAWARTHAS
K9V,Ontario,Kawartha Lakes,D,
L0A,Ontario,Peterborough,B,PETERBOROUGH_AND_KAWARTHAS
L0B,Ontario,,,
L0C,Ontario,,,
L0E,Ontario,Toronto,B,GREATER_TORONTO | MISSISSAUGA | OAKVILLE_MILTON
L0G,Ontario,Toronto,B,GREATER_TORONTO | MISSISSAUGA | OAKVILLE_MILTON
L0H,Ontario,Toronto,B,GREATER_TORONTO | MISSISSAUGA | OAKVILLE_MILTON
L0J,Ontario,Toronto,B,GREATER_TORONTO | MISSISSAUGA | OAKVILLE_MILTON
L0K,Ontario,,,
L0L,Ontario,Barrie,B,BARRIE_AND_DISTRICT
L0M,Ontario,,,
L0N,Ontario,Toronto,B,GREATER_TORONTO | MISSISSAUGA | OAKVILLE_MILTON
L0P,Ontario,Toronto,B,GREATER_TORONTO | MISSISSAUGA | OAKVILLE_MILTON
L0R,Ontario,Hamilton,B,HAMILTON_BURLINGTON
L0S,Ontario,St. Catharines - Niagara,B,NIAGARA_REGION
L1A,Ontario,Port Hope,D,
L1B,Ontario,Oshawa,B,
L1C,Ontario,Oshawa,B,
L1E,Ontario,Oshawa,B,
L1G,Ontario,Oshawa,B,
L1H,Ontario,Oshawa,B,
L1J,Ontario,Oshawa,B,
L1K,Ontario,Oshawa,B,
L1L,Ontario,Oshawa,B,
L1M,Ontario,Oshawa,B,
L1N,Ontario,Oshawa,B,
L1P,Ontario,Oshawa,B,
L1R,Ontario,Oshawa,B,
L1S,Ontario,Toronto,B,GREATER_TORONTO | MISSISSAUGA | OAKVILLE_MILTON
L1T,Ontario,Toronto,B,GREATER_TORONTO | MISSISSAUGA | OAKVILLE_MILTON
L1V,Ontario,Toronto,B,GREATER_TORONTO | MISSISSAUGA | OAKVILLE_MILTON
L1W,Ontario,Toronto,B,GREATER_TORONTO | MISSISSAUGA | OAKVILLE_MILTON
L1X,Ontario,Toronto,B,GREATER_TORONTO | MISSISSAUGA | OAKVILLE_MILTON
L1Y,Ontario,Toronto,B,GREATER_TORONTO | MISSISSAUGA | OAKVILLE_MILTON
L1Z,Ontario,Toronto,B,GREATER_TORONTO | MISSISSAUGA | OAKVILLE_MILTON
L2A,Ontario,St. Catharines - Niagara,B,NIAGARA_REGION
L2E,Ontario,St. Catharines - Niagara,B,NIAGARA_REGION
L2G,Ontario,St. Catharines - Niagara,B,NIAGARA_REGION
L2H,Ontario,St. Catharines - Niagara,B,NIAGARA_REGION
L2J,Ontario,St. Catharines - Niagara,B,NIAGARA_REGION
L2M,Ontario,St. Catharines - Niagara,B,NIAGARA_REGION
L2N,Ontario,St. Catharines - Niagara,B,NIAGARA_REGION
L2P,Ontario,St. Catharines - Niagara,B,NIAGARA_REGION
L2R,Ontario,St. Catharines - Niagara,B,NIAGARA_REGION
L2S,Ontario,St. Catharines - Niagara,B,NIAGARA_REGION
L2T,Ontario,St. Catharines - Niagara,B,NIAGARA_REGION
L2V,Ontario,St. Catharines - Niagara,B,NIAGARA_REGION
L2W,Ontario,St. Catharines - Niagara,B,NIAGARA_REGION
L3B,Ontario,St. Catharines - Niagara,B,NIAGARA_REGION
L3C,Ontario,St. Catharines - Niagara,B,NIAGARA_REGION
L3K,Ontario,St. Catharines - Niagara,B,NIAGARA_REGION
L3L,Ontario,Toronto,B,GREATER_TORONTO | MISSISSAUGA | OAKVILLE_MILTON
L3M,Ontario,Hamilton,B,HAMILTON_BURLINGTON
L3P,Ontario,Toronto,B,GREATER_TORONTO | MISSISSAUGA | OAKVILLE_MILTON
L3R,Ontario,Toronto,B,GREATER_TORONTO | MISSISSAUGA | OAKVILLE_MILTON
L3S,Ontario,Toronto,B,GREATER_TORONTO | MISSISSAUGA | OAKVILLE_MILTON
L3T,Ontario,Toronto,B,GREATER_TORONTO | MISSISSAUGA | OAKVILLE_MILTON
L3V,Ontario,,,
L3X,Ontario,Toronto,B,GREATER_TORONTO | MISSISSAUGA | OAKVILLE_MILTON
L3Y,Ontario,Toronto,B,GREATER_TORONTO | MISSISSAUGA | OAKVILLE_MILTON
L3Z,Ontario,Toronto,B,GREATER_TORONTO | MISSISSAUGA | OAKVILLE_MILTON
L4A,Ontario,Toronto,B,GREATER_TORONTO | MISSISSAUGA | OAKVILLE_MILTON
L4B,Ontario,Toronto,B,GREATER_TORONTO | MISSISSAUGA | OAKVILLE_MILTON
L4C,Ontario,Toronto,B,GREATER_TORONTO | MISSISSAUGA | OAKVILLE_MILTON
L4E,Ontario,Toronto,B,GREATER_TORONTO | MISSISSAUGA | OAKVILLE_MILTON
L4G,Ontario,Toronto,B,GREATER_TORONTO | MISSISSAUGA | OAKVILLE_MILTON
L4H,Ontario,Toronto,B,GREATER_TORONTO | MISSISSAUGA | OAKVILLE_MILTON
L4J,Ontario,Toronto,B,GREATER_TORONTO | MISSISSAUGA | OAKVILLE_MILTON
L4K,Ontario,Toronto,B,GREATER_TORONTO | MISSISSAUGA | OAKVILLE_MILTON
L4L,Ontario,Toronto,B,GREATER_TORONTO | MISSISSAUGA | OAKVILLE_MILTON
L4M,Ontario,,,
L4N,Ontario,Barrie,B,BARRIE_AND_DISTRICT
L4P,Ontario,Toronto,B,GREATER_TORONTO | MISSISSAUGA | OAKVILLE_MILTON
L4R,Ontario,,,
L4S,Ontario,Toronto,B,GREATER_TORONTO | MISSISSAUGA | OAKVILLE_MILTON
L4T,Ontario,Toronto,B,GREATER_TORONTO | MISSISSAUGA | OAKVILLE_MILTON
L4V,Ontario,Toronto,B,GREATER_TORONTO | MISSISSAUGA | OAKVILLE_MILTON
L4W,Ontario,Toronto,B,GREATER_TORONTO | MISSISSAUGA | OAKVILLE_MILTON
L4X,Ontario,Toronto,B,GREATER_TORONTO | MISSISSAUGA | OAKVILLE_MILTON
L4Y,Ontario,Toronto,B,GREATER_TORONTO | MISSISSAUGA | OAKVILLE_MILTON
L4Z,Ontario,Toronto,B,GREATER_TORONTO | MISSISSAUGA | OAKVILLE_MILTON
L5A,Ontario,Toronto,B,GREATER_TORONTO | MISSISSAUGA | OAKVILLE_MILTON
L5B,Ontario,Toronto,B,GREATER_TORONTO | MISSISSAUGA | OAKVILLE_MILTON
L5C,Ontario,Toronto,B,GREATER_TORONTO | MISSISSAUGA | OAKVILLE_MILTON
L5E,Ontario,Toronto,B,GREATER_TORONTO | MISSISSAUGA | OAKVILLE_MILTON
L5G,Ontario,Toronto,B,GREATER_TORONTO | MISSISSAUGA | OAKVILLE_MILTON
L5H,Ontario,Toronto,B,GREATER_TORONTO | MISSISSAUGA | OAKVILLE_MILTON
L5J,Ontario,Toronto,B,GREATER_TORONTO | MISSISSAUGA | OAKVILLE_MILTON
L5K,Ontario,Toronto,B,GREATER_TORONTO | MISSISSAUGA | OAKVILLE_MILTON
L5L,Ontario,Toronto,B,GREATER_TORONTO | MISSISSAUGA | OAKVILLE_MILTON
L5M,Ontario,Toronto,B,GREATER_TORONTO | MISSISSAUGA | OAKVILLE_MILTON
L5N,Ontario,Toronto,B,GREATER_TORONTO | MISSISSAUGA | OAKVILLE_MILTON
L5R,Ontario,Toronto,B,GREATER_TORONTO | MISSISSAUGA | OAKVILLE_MILTON
L5S,Ontario,Toronto,B,GREATER_TORONTO | MISSISSAUGA | OAKVILLE_MILTON
L5T,Ontario,Toronto,B,GREATER_TORONTO | MISSISSAUGA | OAKVILLE_MILTON
L5V,Ontario,Toronto,B,GREATER_TORONTO | MISSISSAUGA | OAKVILLE_MILTON
L5W,Ontario,Toronto,B,GREATER_TORONTO | MISSISSAUGA | OAKVILLE_MILTON
L6A,Ontario,Toronto,B,GREATER_TORONTO | MISSISSAUGA | OAKVILLE_MILTON
L6B,Ontario,Toronto,B,GREATER_TORONTO | MISSISSAUGA | OAKVILLE_MILTON
L6C,Ontario,Toronto,B,GREATER_TORONTO | MISSISSAUGA | OAKVILLE_MILTON
L6E,Ontario,Toronto,B,GREATER_TORONTO | MISSISSAUGA | OAKVILLE_MILTON
L6G,Ontario,Toronto,B,GREATER_TORONTO | MISSISSAUGA | OAKVILLE_MILTON
L6H,Ontario,Toronto,B,GREATER_TORONTO | MISSISSAUGA | OAKVILLE_MILTON
L6J,Ontario,Toronto,B,GREATER_TORONTO | MISSISSAUGA | OAKVILLE_MILTON
L6K,Ontario,Toronto,B,GREATER_TORONTO | MISSISSAUGA | OAKVILLE_MILTON
L6L,Ontario,Toronto,B,GREATER_TORONTO | MISSISSAUGA | OAKVILLE_MILTON
L6M,Ontario,Toronto,B,GREATER_TORONTO | MISSISSAUGA | OAKVILLE_MILTON
L6P,Ontario,Toronto,B,GREATER_TORONTO | MISSISSAUGA | OAKVILLE_MILTON
L6R,Ontario,Toronto,B,GREATER_TORONTO | MISSISSAUGA | OAKVILLE_MILTON
L6S,Ontario,Toronto,B,GREATER_TORONTO | MISSISSAUGA | OAKVILLE_MILTON
L6T,Ontario,Toronto,B,GREATER_TORONTO | MISSISSAUGA | OAKVILLE_MILTON
L6V,Ontario,Toronto,B,GREATER_TORONTO | MISSISSAUGA | OAKVILLE_MILTON
L6W,Ontario,Toronto,B,GREATER_TORONTO | MISSISSAUGA | OAKVILLE_MILTON
L6X,Ontario,Toronto,B,GREATER_TORONTO | MISSISSAUGA | OAKVILLE_MILTON
L6Y,Ontario,Toronto,B,GREATER_TORONTO | MISSISSAUGA | OAKVILLE_MILTON
L6Z,Ontario,Toronto,B,GREATER_TORONTO | MISSISSAUGA | OAKVILLE_MILTON
L7A,Ontario,Toronto,B,GREATER_TORONTO | MISSISSAUGA | OAKVILLE_MILTON
L7B,Ontario,Toronto,B,GREATER_TORONTO | MISSISSAUGA | OAKVILLE_MILTON
L7C,Ontario,Toronto,B,GREATER_TORONTO | MISSISSAUGA | OAKVILLE_MILTON
L7E,Ontario,Toronto,B,GREATER_TORONTO | MISSISSAUGA | OAKVILLE_MILTON
L7G,Ontario,Toronto,B,GREATER_TORONTO | MISSISSAUGA | OAKVILLE_MILTON
L7J,Ontario,Toronto,B,GREATER_TORONTO | MISSISSAUGA | OAKVILLE_MILTON
L7K,Ontario,Toronto,B,GREATER_TORONTO | MISSISSAUGA | OAKVILLE_MILTON
L7L,Ontario,Hamilton,B,HAMILTON_BURLINGTON
L7M,Ontario,Hamilton,B,HAMILTON_BURLINGTON
L7N,Ontario,Hamilton,B,HAMILTON_BURLINGTON
L7P,Ontario,Hamilton,B,HAMILTON_BURLINGTON
L7R,Ontario,Hamilton,B,HAMILTON_BURLINGTON
L7S,Ontario,Hamilton,B,HAMILTON_BURLINGTON
L7T,Ontario,Hamilton,B,HAMILTON_BURLINGTON
L8B,Ontario,Hamilton,B,HAMILTON_BURLINGTON
L8E,Ontario,Hamilton,B,HAMILTON_BURLINGTON
L8G,Ontario,Hamilton,B,HAMILTON_BURLINGTON
L8H,Ontario,Hamilton,B,HAMILTON_BURLINGTON
L8J,Ontario,Hamilton,B,HAMILTON_BURLINGTON
L8K,Ontario,Hamilton,B,HAMILTON_BURLINGTON
L8L,Ontario,Hamilton,B,HAMILTON_BURLINGTON
L8M,Ontario,Hamilton,B,HAMILTON_BURLINGTON
L8N,Ontario,Hamilton,B,HAMILTON_BURLINGTON
L8P,Ontario,Hamilton,B,HAMILTON_BURLINGTON
L8R,Ontario,Hamilton,B,HAMILTON_BURLINGTON
L8S,Ontario,Hamilton,B,HAMILTON_BURLINGTON
L8T,Ontario,Hamilton,B,HAMILTON_BURLINGTON
L8V,Ontario,Hamilton,B,HAMILTON_BURLINGTON
L8W,Ontario,Hamilton,B,HAMILTON_BURLINGTON
L9A,Ontario,Hamilton,B,HAMILTON_BURLINGTON
L9B,Ontario,Hamilton,B,HAMILTON_BURLINGTON
L9C,Ontario,Hamilton,B,HAMILTON_BURLINGTON
L9E,Ontario,Toronto,B,GREATER_TORONTO | MISSISSAUGA | OAKVILLE_MILTON
L9G,Ontario,Hamilton,B,HAMILTON_BURLINGTON
L9H,Ontario,Hamilton,B,HAMILTON_BURLINGTON
L9J,Ontario,Barrie,B,BARRIE_AND_DISTRICT
L9K,Ontario,Hamilton,B,HAMILTON_BURLINGTON
L9L,Ontario,,,
L9M,,,,
L9N,Ontario,Toronto,B,GREATER_TORONTO | MISSISSAUGA | OAKVILLE_MILTON
L9P,Ontario,Toronto,B,GREATER_TORONTO | MISSISSAUGA | OAKVILLE_MILTON
L9R,Ontario,Essa,D,
L9S,Ontario,Barrie,B,BARRIE_AND_DISTRICT
L9T,Ontario,Toronto,B,GREATER_TORONTO | MISSISSAUGA | OAKVILLE_MILTON
L9V,Ontario,,,
L9W,Ontario,,,
L9X,Ontario,Barrie,B,BARRIE_AND_DISTRICT
L9Y,Ontario,,,
L9Z,Ontario,Wasaga Beach,D,
M1B,Ontario,Toronto,B,GREATER_TORONTO | MISSISSAUGA | OAKVILLE_MILTON
M1C,Ontario,Toronto,B,GREATER_TORONTO | MISSISSAUGA | OAKVILLE_MILTON
M1E,Ontario,Toronto,B,GREATER_TORONTO | MISSISSAUGA | OAKVILLE_MILTON
M1G,Ontario,Toronto,B,GREATER_TORONTO | MISSISSAUGA | OAKVILLE_MILTON
M1H,Ontario,Toronto,B,GREATER_TORONTO | MISSISSAUGA | OAKVILLE_MILTON
M1J,Ontario,Toronto,B,GREATER_TORONTO | MISSISSAUGA | OAKVILLE_MILTON
M1K,Ontario,Toronto,B,GREATER_TORONTO | MISSISSAUGA | OAKVILLE_MILTON
M1L,Ontario,Toronto,B,GREATER_TORONTO | MISSISSAUGA | OAKVILLE_MILTON
M1M,Ontario,Toronto,B,GREATER_TORONTO | MISSISSAUGA | OAKVILLE_MILTON
M1N,Ontario,Toronto,B,GREATER_TORONTO | MISSISSAUGA | OAKVILLE_MILTON
M1P,Ontario,Toronto,B,GREATER_TORONTO | MISSISSAUGA | OAKVILLE_MILTON
M1R,Ontario,Toronto,B,GREATER_TORONTO | MISSISSAUGA | OAKVILLE_MILTON
M1S,Ontario,Toronto,B,GREATER_TORONTO | MISSISSAUGA | OAKVILLE_MILTON
M1T,Ontario,Toronto,B,GREATER_TORONTO | MISSISSAUGA | OAKVILLE_MILTON
M1V,Ontario,Toronto,B,GREATER_TORONTO | MISSISSAUGA | OAKVILLE_MILTON
M1W,Ontario,Toronto,B,GREATER_TORONTO | MISSISSAUGA | OAKVILLE_MILTON
M1X,Ontario,Toronto,B,GREATER_TORONTO | MISSISSAUGA | OAKVILLE_MILTON
M2H,Ontario,Toronto,B,GREATER_TORONTO | MISSISSAUGA | OAKVILLE_MILTON
M2J,Ontario,Toronto,B,GREATER_TORONTO | MISSISSAUGA | OAKVILLE_MILTON
M2K,Ontario,Toronto,B,GREATER_TORONTO | MISSISSAUGA | OAKVILLE_MILTON
M2L,Ontario,Toronto,B,GREATER_TORONTO | MISSISSAUGA | OAKVILLE_MILTON
M2M,Ontario,Toronto,B,GREATER_TORONTO | MISSISSAUGA | OAKVILLE_MILTON
M2N,Ontario,Toronto,B,GREATER_TORONTO | MISSISSAUGA | OAKVILLE_MILTON
M2P,Ontario,Toronto,B,GREATER_TORONTO | MISSISSAUGA | OAKVILLE_MILTON
M2R,Ontario,Toronto,B,GREATER_TORONTO | MISSISSAUGA | OAKVILLE_MILTON
M3A,Ontario,Toronto,B,GREATER_TORONTO | MISSISSAUGA | OAKVILLE_MILTON
M3B,Ontario,Toronto,B,GREATER_TORONTO | MISSISSAUGA | OAKVILLE_MILTON
M3C,Ontario,Toronto,B,GREATER_TORONTO | MISSISSAUGA | OAKVILLE_MILTON
M3H,Ontario,Toronto,B,GREATER_TORONTO | MISSISSAUGA | OAKVILLE_MILTON
M3J,Ontario,Toronto,B,GREATER_TORONTO | MISSISSAUGA | OAKVILLE_MILTON
M3K,Ontario,Toronto,B,GREATER_TORONTO | MISSISSAUGA | OAKVILLE_MILTON
M3L,Ontario,Toronto,B,GREATER_TORONTO | MISSISSAUGA | OAKVILLE_MILTON
M3M,Ontario,Toronto,B,GREATER_TORONTO | MISSISSAUGA | OAKVILLE_MILTON
M3N,Ontario,Toronto,B,GREATER_TORONTO | MISSISSAUGA | OAKVILLE_MILTON
M4A,Ontario,Toronto,B,GREATER_TORONTO | MISSISSAUGA | OAKVILLE_MILTON
M4B,Ontario,Toronto,B,GREATER_TORONTO | MISSISSAUGA | OAKVILLE_MILTON
M4C,Ontario,Toronto,B,GREATER_TORONTO | MISSISSAUGA | OAKVILLE_MILTON
M4E,Ontario,Toronto,B,GREATER_TORONTO | MISSISSAUGA | OAKVILLE_MILTON
M4G,Ontario,Toronto,B,GREATER_TORONTO | MISSISSAUGA | OAKVILLE_MILTON
M4H,Ontario,Toronto,B,GREATER_TORONTO | MISSISSAUGA | OAKVILLE_MILTON
M4J,Ontario,Toronto,B,GREATER_TORONTO | MISSISSAUGA | OAKVILLE_MILTON
M4K,Ontario,Toronto,B,GREATER_TORONTO | MISSISSAUGA | OAKVILLE_MILTON
M4L,Ontario,Toronto,B,GREATER_TORONTO | MISSISSAUGA | OAKVILLE_MILTON
M4M,Ontario,Toronto,B,GREATER_TORONTO | MISSISSAUGA | OAKVILLE_MILTON
M4N,Ontario,Toronto,B,GREATER_TORONTO | MISSISSAUGA | OAKVILLE_MILTON
M4P,Ontario,Toronto,B,GREATER_TORONTO | MISSISSAUGA | OAKVILLE_MILTON
M4R,Ontario,Toronto,B,GREATER_TORONTO | MISSISSAUGA | OAKVILLE_MILTON
M4S,Ontario,Toronto,B,GREATER_TORONTO | MISSISSAUGA | OAKVILLE_MILTON
M4T,Ontario,Toronto,B,GREATER_TORONTO | MISSISSAUGA | OAKVILLE_MILTON
M4V,Ontario,Toronto,B,GREATER_TORONTO | MISSISSAUGA | OAKVILLE_MILTON
M4W,Ontario,Toronto,B,GREATER_TORONTO | MISSISSAUGA | OAKVILLE_MILTON
M4X,Ontario,Toronto,B,GREATER_TORONTO | MISSISSAUGA | OAKVILLE_MILTON
M4Y,Ontario,Toronto,B,GREATER_TORONTO | MISSISSAUGA | OAKVILLE_MILTON
M5A,Ontario,Toronto,B,GREATER_TORONTO | MISSISSAUGA | OAKVILLE_MILTON
M5B,Ontario,Toronto,B,GREATER_TORONTO | MISSISSAUGA | OAKVILLE_MILTON
M5C,Ontario,Toronto,B,GREATER_TORONTO | MISSISSAUGA | OAKVILLE_MILTON
M5E,Ontario,Toronto,B,GREATER_TORONTO | MISSISSAUGA | OAKVILLE_MILTON
M5G,Ontario,Toronto,B,GREATER_TORONTO | MISSISSAUGA | OAKVILLE_MILTON
M5H,Ontario,Toronto,B,GREATER_TORONTO | MISSISSAUGA | OAKVILLE_MILTON
M5J,,,,
M5M,Ontario,Toronto,B,GREATER_TORONTO | MISSISSAUGA | OAKVILLE_MILTON
M5N,Ontario,Toronto,B,GREATER_TORONTO | MISSISSAUGA | OAKVILLE_MILTON
M5P,Ontario,Toronto,B,GREATER_TORONTO | MISSISSAUGA | OAKVILLE_MILTON
M5R,Ontario,Toronto,B,GREATER_TORONTO | MISSISSAUGA | OAKVILLE_MILTON
M5S,Ontario,Toronto,B,GREATER_TORONTO | MISSISSAUGA | OAKVILLE_MILTON
M5T,Ontario,Toronto,B,GREATER_TORONTO | MISSISSAUGA | OAKVILLE_MILTON
M5V,Ontario,Toronto,B,GREATER_TORONTO | MISSISSAUGA | OAKVILLE_MILTON
M6A,Ontario,Toronto,B,GREATER_TORONTO | MISSISSAUGA | OAKVILLE_MILTON
M6B,Ontario,Toronto,B,GREATER_TORONTO | MISSISSAUGA | OAKVILLE_MILTON
M6C,Ontario,Toronto,B,GREATER_TORONTO | MISSISSAUGA | OAKVILLE_MILTON
M6E,Ontario,Toronto,B,GREATER_TORONTO | MISSISSAUGA | OAKVILLE_MILTON
M6G,Ontario,Toronto,B,GREATER_TORONTO | MISSISSAUGA | OAKVILLE_MILTON
M6H,Ontario,Toronto,B,GREATER_TORONTO | MISSISSAUGA | OAKVILLE_MILTON
M6J,Ontario,Toronto,B,GREATER_TORONTO | MISSISSAUGA | OAKVILLE_MILTON
M6K,Ontario,Toronto,B,GREATER_TORONTO | MISSISSAUGA | OAKVILLE_MILTON
M6L,Ontario,Toronto,B,GREATER_TORONTO | MISSISSAUGA | OAKVILLE_MILTON
M6M,Ontario,Toronto,B,GREATER_TORONTO | MISSISSAUGA | OAKVILLE_MILTON
M6N,Ontario,Toronto,B,GREATER_TORONTO | MISSISSAUGA | OAKVILLE_MILTON
M6P,Ontario,Toronto,B,GREATER_TORONTO | MISSISSAUGA | OAKVILLE_MILTON
M6R,Ontario,Toronto,B,GREATER_TORONTO | MISSISSAUGA | OAKVILLE_MILTON
M6S,Ontario,Toronto,B,GREATER_TORONTO | MISSISSAUGA | OAKVILLE_MILTON
M8V,Ontario,Toronto,B,GREATER_TORONTO | MISSISSAUGA | OAKVILLE_MILTON
M8W,Ontario,Toronto,B,GREATER_TORONTO | MISSISSAUGA | OAKVILLE_MILTON
M8X,Ontario,Toronto,B,GREATER_TORONTO | MISSISSAUGA | OAKVILLE_MILTON
M8Y,Ontario,Toronto,B,GREATER_TORONTO | MISSISSAUGA | OAKVILLE_MILTON
M8Z,Ontario,Toronto,B,GREATER_TORONTO | MISSISSAUGA | OAKVILLE_MILTON
M9A,Ontario,Toronto,B,GREATER_TORONTO | MISSISSAUGA | OAKVILLE_MILTON
M9B,Ontario,Toronto,B,GREATER_TORONTO | MISSISSAUGA | OAKVILLE_MILTON
M9C,Ontario,Toronto,B,GREATER_TORONTO | MISSISSAUGA | OAKVILLE_MILTON
M9L,Ontario,Toronto,B,GREATER_TORONTO | MISSISSAUGA | OAKVILLE_MILTON
M9M,Ontario,Toronto,B,GREATER_TORONTO | MISSISSAUGA | OAKVILLE_MILTON
M9N,Ontario,Toronto,B,GREATER_TORONTO | MISSISSAUGA | OAKVILLE_MILTON
M9P,Ontario,Toronto,B,GREATER_TORONTO | MISSISSAUGA | OAKVILLE_MILTON
M9R,Ontario,Toronto,B,GREATER_TORONTO | MISSISSAUGA | OAKVILLE_MILTON
M9V,Ontario,Toronto,B,GREATER_TORONTO | MISSISSAUGA | OAKVILLE_MILTON
M9W,Ontario,Toronto,B,GREATER_TORONTO | MISSISSAUGA | OAKVILLE_MILTON
N0A,Ontario,,,
N0B,Ontario,Kitchener - Cambridge - Waterloo,B,KITCHENER_WATERLOO | CAMBRIDGE
N0C,Ontario,,,
N0E,Ontario,Norfolk,D,
N0G,Ontario,,,
N0H,Ontario,Owen Sound,D,
N0J,Ontario,,,
N0K,Ontario,,,
N0L,Ontario,London,B,LONDON_ST_THOMAS
N0M,Ontario,,,
N0N,Ontario,,,
N0P,Ontario,Chatham-Kent,D,
N0R,Ontario,Windsor,B,WINDSOR_ESSEX
N1A,Ontario,,,
N1C,Ontario,Guelph,B,GUELPH_AND_DISTRICT
N1E,Ontario,Guelph,B,GUELPH_AND_DISTRICT
N1G,Ontario,Guelph,B,GUELPH_AND_DISTRICT
N1H,Ontario,Guelph,B,GUELPH_AND_DISTRICT
N1K,Ontario,Guelph,B,GUELPH_AND_DISTRICT
N1L,Ontario,Guelph,B,GUELPH_AND_DISTRICT
N1M,Ontario,Centre Wellington,D,
N1P,Ontario,Kitchener - Cambridge - Waterloo,B,KITCHENER_WATERLOO | CAMBRIDGE
N1R,Ontario,Kitchener - Cambridge - Waterloo,B,KITCHENER_WATERLOO | CAMBRIDGE
N1S,Ontario,Kitchener - Cambridge - Waterloo,B,KITCHENER_WATERLOO | CAMBRIDGE
N1T,Ontario,Kitchener - Cambridge - Waterloo,B,KITCHENER_WATERLOO | CAMBRIDGE
N2A,Ontario,Kitchener - Cambridge - Waterloo,B,KITCHENER_WATERLOO | CAMBRIDGE
N2B,Ontario,Kitchener - Cambridge - Waterloo,B,KITCHENER_WATERLOO | CAMBRIDGE
N2C,Ontario,Kitchener - Cambridge - Waterloo,B,KITCHENER_WATERLOO | CAMBRIDGE
N2E,Ontario,Kitchener - Cambridge - Waterloo,B,KITCHENER_WATERLOO | CAMBRIDGE
N2G,Ontario,Kitchener - Cambridge - Waterloo,B,KITCHENER_WATERLOO | CAMBRIDGE
N2H,Ontario,Kitchener - Cambridge - Waterloo,B,KITCHENER_WATERLOO | CAMBRIDGE
N2J,Ontario,Kitchener - Cambridge - Waterloo,B,KITCHENER_WATERLOO | CAMBRIDGE
N2K,Ontario,Kitchener - Cambridge - Waterloo,B,KITCHENER_WATERLOO | CAMBRIDGE
N2L,Ontario,Kitchener - Cambridge - Waterloo,B,KITCHENER_WATERLOO | CAMBRIDGE
N2M,Ontario,Kitchener - Cambridge - Waterloo,B,KITCHENER_WATERLOO | CAMBRIDGE
N2N,Ontario,Kitchener - Cambridge - Waterloo,B,KITCHENER_WATERLOO | CAMBRIDGE
N2P,Ontario,Kitchener - Cambridge - Waterloo,B,KITCHENER_WATERLOO | CAMBRIDGE
N2R,Ontario,Kitchener - Cambridge - Waterloo,B,KITCHENER_WATERLOO | CAMBRIDGE
N2T,Ontario,Kitchener - Cambridge - Waterloo,B,KITCHENER_WATERLOO | CAMBRIDGE
N2V,Ontario,Kitchener - Cambridge - Waterloo,B,KITCHENER_WATERLOO | CAMBRIDGE
N2Z,Ontario,,,
N3A,Ontario,Kitchener - Cambridge - Waterloo,B,KITCHENER_WATERLOO | CAMBRIDGE
N3B,Ontario,Kitchener - Cambridge - Waterloo,B,KITCHENER_WATERLOO | CAMBRIDGE
N3C,Ontario,Guelph,B,GUELPH_AND_DISTRICT
N3E,Ontario,Kitchener - Cambridge - Waterloo,B,KITCHENER_WATERLOO | CAMBRIDGE
N3H,Ontario,Kitchener - Cambridge - Waterloo,B,KITCHENER_WATERLOO | CAMBRIDGE
N3L,Ontario,Brantford,B,BRANTFORD_REGION
N3P,Ontario,Brantford,B,BRANTFORD_REGION
N3R,Ontario,Brantford,B,BRANTFORD_REGION
N3S,Ontario,Brantford,B,BRANTFORD_REGION
N3T,Ontario,Brantford,B,BRANTFORD_REGION
N3V,Ontario,Brantford,B,BRANTFORD_REGION
N3W,Ontario,,,
N3Y,Ontario,Norfolk,D,
N4B,Ontario,Norfolk,D,
N4G,Ontario,,,
N4K,Ontario,,,
N4L,Ontario,,,
N4N,Ontario,,,
N4S,Ontario,Woodstock,D,WOODSTOCK_INGERSOLL_TILLSONBURG
N4T,Ontario,Woodstock,D,WOODSTOCK_INGERSOLL_TILLSONBURG
N4V,Ontario,Woodstock,D,WOODSTOCK_INGERSOLL_TILLSONBURG
N4W,Ontario,,,
N4X,Ontario,,,
N4Z,Ontario,Stratford,D,
N5A,Ontario,,,
N5C,Ontario,Ingersoll,D,
N5H,Ontario,,,
N5L,Ontario,London,B,LONDON_ST_THOMAS
N5P,Ontario,London,B,LONDON_ST_THOMAS
N5R,Ontario,London,B,LONDON_ST_THOMAS
N5V,Ontario,London,B,LONDON_ST_THOMAS
N5W,Ontario,London,B,LONDON_ST_THOMAS
N5X,Ontario,London,B,LONDON_ST_THOMAS
N5Y,Ontario,London,B,LONDON_ST_THOMAS
N5Z,Ontario,London,B,LONDON_ST_THOMAS
N6A,Ontario,London,B,LONDON_ST_THOMAS
N6B,Ontario,London,B,LONDON_ST_THOMAS
N6C,Ontario,London,B,LONDON_ST_THOMAS
N6E,Ontario,London,B,LONDON_ST_THOMAS
N6G,Ontario,London,B,LONDON_ST_THOMAS
N6H,Ontario,London,B,LONDON_ST_THOMAS
N6J,Ontario,London,B,LONDON_ST_THOMAS
N6K,Ontario,London,B,LONDON_ST_THOMAS
N6L,Ontario,London,B,LONDON_ST_THOMAS
N6M,Ontario,London,B,LONDON_ST_THOMAS
N6N,Ontario,London,B,LONDON_ST_THOMAS
N6P,Ontario,London,B,LONDON_ST_THOMAS
N7A,Ontario,,,
N7G,Ontario,London,B,LONDON_ST_THOMAS
N7L,Ontario,Chatham-Kent,D,
N7M,Ontario,Chatham-Kent,D,
N7S,Ontario,Sarnia,K,
N7T,Ontario,Sarnia,K,
N7V,Ontario,Sarnia,K,
N7W,Ontario,Sarnia,K,
N7X,Ontario,Sarnia,K,
N8A,Ontario,Chatham-Kent,D,
N8H,Ontario,Windsor,B,WINDSOR_ESSEX
N8M,Ontario,Windsor,B,WINDSOR_ESSEX
N8N,Ontario,Windsor,B,WINDSOR_ESSEX
N8P,Ontario,Windsor,B,WINDSOR_ESSEX
N8R,Ontario,Windsor,B,WINDSOR_ESSEX
N8S,Ontario,Windsor,B,WINDSOR_ESSEX
N8T,Ontario,Windsor,B,WINDSOR_ESSEX
N8W,Ontario,Windsor,B,WINDSOR_ESSEX
N8X,Ontario,Windsor,B,WINDSOR_ESSEX
N8Y,Ontario,Windsor,B,WINDSOR_ESSEX
N9A,Ontario,Windsor,B,WINDSOR_ESSEX
N9B,Ontario,Windsor,B,WINDSOR_ESSEX
N9C,Ontario,Windsor,B,WINDSOR_ESSEX
N9E,Ontario,Windsor,B,WINDSOR_ESSEX
N9G,Ontario,Windsor,B,WINDSOR_ESSEX
N9H,Ontario,Windsor,B,WINDSOR_ESSEX
N9J,Ontario,Windsor,B,WINDSOR_ESSEX
N9K,Ontario,Windsor,B,WINDSOR_ESSEX
N9V,Ontario,Windsor,B,WINDSOR_ESSEX
N9Y,Ontario,Windsor,B,WINDSOR_ESSEX
P0A,Ontario,,,
P0B,Ontario,,,
P0C,Ontario,,,
P0E,Ontario,,,
P0G,Ontario,,,
P0H,Ontario,North Bay,K,NORTH_BAY
P0J,Ontario,,,
P0K,Ontario,,,
P0L,Ontario,,,
P0M,Ontario,,,
P0N,Ontario,Timmins,D,
P0P,,,,
P0R,Ontario,,,
P0S,Ontario,,,
P0T,Ontario,,,
P0V,Ontario,,,
P0W,Ontario,,,
P0X,Ontario,,,
P0Y,Ontario,,,
P1A,Ontario,North Bay,K,NORTH_BAY
P1B,Ontario,North Bay,K,NORTH_BAY
P1C,Ontario,North Bay,K,NORTH_BAY
P1H,Ontario,,,
P1L,Ontario,,,
P1P,Ontario,,,
P2A,Ontario,,,
P2B,Ontario,,,
P2N,Ontario,,,
P3A,Ontario,Greater Sudbury / Grand Sudbury,B,SUDBURY
P3B,Ontario,Greater Sudbury / Grand Sudbury,B,SUDBURY
P3C,Ontario,Greater Sudbury / Grand Sudbury,B,SUDBURY
P3E,Ontario,,,
P3G,Ontario,,,
P3L,Ontario,Greater Sudbury / Grand Sudbury,B,SUDBURY
P3N,Ontario,Greater Sudbury / Grand Sudbury,B,SUDBURY
P3P,Ontario,Greater Sudbury / Grand Sudbury,B,SUDBURY
P3Y,Ontario,Greater Sudbury / Grand Sudbury,B,SUDBURY
P4N,Ontario,Timmins,D,
P4P,Ontario,Timmins,D,
P4R,Ontario,Timmins,D,
P5A,Ontario,Elliot Lake,D,
P5E,Ontario,,,
P5N,Ontario,,,
P6A,Ontario,Sault Ste. Marie,K,SAULT_STE_MARIE
P6B,Ontario,Sault Ste. Marie,K,SAULT_STE_MARIE
P6C,Ontario,Sault Ste. Marie,K,SAULT_STE_MARIE
P7A,Ontario,,,
P7B,Ontario,Thunder Bay,B,
P7C,Ontario,Thunder Bay,B,
P7E,Ontario,Thunder Bay,B,
P7G,Ontario,,,
P7J,Ontario,Thunder Bay,B,
P7K,Ontario,Thunder Bay,B,
P7L,Ontario,Thunder Bay,B,
P8N,Ontario,,,
P8T,Ontario,,,
P9A,,,,
P9N,Ontario,Kenora,D,
R0A,Manitoba,,,
R0B,Manitoba,,,
R0C,Manitoba,,,
R0E,Manitoba,,,
R0G,Manitoba,,,
R0H,Manitoba,,,
R0J,Manitoba,,,
R0K,Manitoba,,,
R0L,Manitoba,,,
R0M,Manitoba,,,
R1A,Manitoba,,,
R1B,Manitoba,,,
R1C,Manitoba,Winnipeg,B,WINNIPEG
R1N,Manitoba,Portage la Prairie,D,
R2C,Manitoba,Winnipeg,B,WINNIPEG
R2E,Manitoba,Winnipeg,B,WINNIPEG
R2G,Manitoba,Winnipeg,B,WINNIPEG
R2H,Manitoba,Winnipeg,B,WINNIPEG
R2J,Manitoba,Winnipeg,B,WINNIPEG
R2K,Manitoba,Winnipeg,B,WINNIPEG
R2L,Manitoba,Winnipeg,B,WINNIPEG
R2M,Manitoba,Winnipeg,B,WINNIPEG
R2N,Manitoba,Winnipeg,B,WINNIPEG
R2P,Manitoba,Winnipeg,B,WINNIPEG
R2R,Manitoba,Winnipeg,B,WINNIPEG
R2V,Manitoba,Winnipeg,B,WINNIPEG
R2W,Manitoba,Winnipeg,B,WINNIPEG
R2X,Manitoba,Winnipeg,B,WINNIPEG
R2Y,Manitoba,Winnipeg,B,WINNIPEG
R3A,Manitoba,Winnipeg,B,WINNIPEG
R3B,Manitoba,Winnipeg,B,WINNIPEG
R3C,Manitoba,Winnipeg,B,WINNIPEG
R3E,Manitoba,Winnipeg,B,WINNIPEG
R3G,Manitoba,Winnipeg,B,WINNIPEG
R3H,Manitoba,Winnipeg,B,WINNIPEG
R3J,Manitoba,Winnipeg,B,WINNIPEG
R3K,Manitoba,Winnipeg,B,WINNIPEG
R3L,Manitoba,Winnipeg,B,WINNIPEG
R3M,Manitoba,Winnipeg,B,WINNIPEG
R3N,Manitoba,Winnipeg,B,WINNIPEG
R3P,Manitoba,Winnipeg,B,WINNIPEG
R3R,Manitoba,Winnipeg,B,WINNIPEG
R3S,Manitoba,Winnipeg,B,WINNIPEG
R3T,Manitoba,Winnipeg,B,WINNIPEG
R3V,Manitoba,Winnipeg,B,WINNIPEG
R3W,Manitoba,Winnipeg,B,WINNIPEG
R3X,Manitoba,Winnipeg,B,WINNIPEG
R3Y,Manitoba,Winnipeg,B,WINNIPEG
R4A,Manitoba,Winnipeg,B,WINNIPEG
R4G,Manitoba,Winnipeg,B,WINNIPEG
R4H,Manitoba,Winnipeg,B,WINNIPEG
R4J,Manitoba,Winnipeg,B,WINNIPEG
R4K,Manitoba,,,
R4L,Manitoba,Winnipeg,B,WINNIPEG
R5A,Manitoba,Winnipeg,B,WINNIPEG
R5G,Manitoba,,,
R5H,Manitoba,,,
R5J,Manitoba,Winnipeg,B,WINNIPEG
R5K,Manitoba,Winnipeg,B,WINNIPEG
R5L,Manitoba,Winnipeg,B,WINNIPEG
R5M,Manitoba,Winnipeg,B,WINNIPEG
R5N,Manitoba,Winnipeg,B,WINNIPEG
R5P,Manitoba,Winnipeg,B,WINNIPEG
R5R,Manitoba,Winnipeg,B,WINNIPEG
R5T,Manitoba,Winnipeg,B,WINNIPEG
R6M,Manitoba,Winkler,D,
R6W,Manitoba,Winkler,D,
R7A,Manitoba,,,
R7B,Manitoba,Brandon,D,
R7C,Manitoba,Brandon,D,
R7N,Manitoba,,,
R8A,Manitoba,,,
R8N,Manitoba,Thompson,D,
R9A,Manitoba,,,
S0A,Saskatchewan,,,
S0C,Saskatchewan,,,
S0E,Saskatchewan,,,
S0G,Saskatchewan,,,
S0H,Saskatchewan,,,
S0J,Saskatchewan,,,
S0K,Saskatchewan,Saskatoon,B,SASKATOON
S0L,Saskatchewan,,,
S0M,Saskatchewan,,,
S0N,Saskatchewan,,,
S0P,Saskatchewan,,,
S2V,Saskatchewan,Regina,B,REGINA
S3N,Saskatchewan,Yorkton,D,
S4A,Saskatchewan,Estevan,D,
S4H,Saskatchewan,Weyburn,D,
S4K,Saskatchewan,Regina,B,REGINA
S4L,Saskatchewan,Regina,B,REGINA
S4N,Saskatchewan,Regina,B,REGINA
S4P,Saskatchewan,Regina,B,REGINA
S4R,Saskatchewan,Regina,B,REGINA
S4S,Saskatchewan,Regina,B,REGINA
S4T,Saskatchewan,Regina,B,REGINA
S4V,Saskatchewan,Regina,B,REGINA
S4W,Saskatchewan,Regina,B,REGINA
S4X,Saskatchewan,Regina,B,REGINA
S4Y,Saskatchewan,Regina,B,REGINA
S4Z,Saskatchewan,Regina,B,REGINA
S6H,Saskatchewan,,,
S6J,Saskatchewan,Moose Jaw,D,
S6K,Saskatchewan,Moose Jaw,D,
S6V,Saskatchewan,Prince Albert,D,
S6W,Saskatchewan,Prince Albert,D,
S6X,Saskatchewan,Prince Albert,D,
S7A,Saskatchewan,Saskatoon,B,SASKATOON
S7B,Saskatchewan,Saskatoon,B,SASKATOON
S7C,Saskatchewan,Saskatoon,B,SASKATOON
S7H,Saskatchewan,Saskatoon,B,SASKATOON
S7J,Saskatchewan,Saskatoon,B,SASKATOON
S7K,Saskatchewan,Saskatoon,B,SASKATOON
S7L,Saskatchewan,Saskatoon,B,SASKATOON
S7M,Saskatchewan,Saskatoon,B,SASKATOON
S7N,Saskatchewan,Saskatoon,B,SASKATOON
S7P,Saskatchewan,Saskatoon,B,SASKATOON
S7R,Saskatchewan,Saskatoon,B,SASKATOON
S7S,Saskatchewan,Saskatoon,B,SASKATOON
S7T,Saskatchewan,Saskatoon,B,SASKATOON
S7V,Saskatchewan,Saskatoon,B,SASKATOON
S7W,Saskatchewan,Saskatoon,B,SASKATOON
S9A,Saskatchewan,,,
S9H,Saskatchewan,Swift Current,D,
S9V,Saskatchewan,Lloydminster (Saskatchewan part / partie de la Saskatchewan),D,
S9X,Saskatchewan,,,
T0A,Alberta,,,
T0B,Alberta,,,
T0C,Alberta,,,
T0E,Alberta,,,
T0G,Alberta,,,
T0H,Alberta,,,
T0J,Alberta,,,
T0K,Alberta,,,
T0L,Alberta,,,
T0M,Alberta,,,
T0P,Alberta,Wood Buffalo,K,
T1A,Alberta,Medicine Hat,K,
T1B,Alberta,Medicine Hat,K,
T1C,Alberta,Medicine Hat,K,
T1G,Alberta,,,
T1H,Alberta,Lethbridge,B,
T1J,Alberta,Lethbridge,B,
T1K,Alberta,Lethbridge,B,
T1L,Alberta,,,
T1M,Alberta,Lethbridge,B,
T1P,Alberta,,,
T1R,Alberta,,,
T1S,Alberta,,,
T1V,Alberta,,,
T1W,Alberta,,,
T1X,Alberta,Calgary,B,CALGARY
T1Y,Alberta,Calgary,B,CALGARY
T1Z,Alberta,Calgary,B,CALGARY
T2A,Alberta,Calgary,B,CALGARY
T2B,Alberta,Calgary,B,CALGARY
T2C,Alberta,Calgary,B,CALGARY
T2E,Alberta,Calgary,B,CALGARY
T2G,Alberta,Calgary,B,CALGARY
T2H,Alberta,Calgary,B,CALGARY
T2J,Alberta,Calgary,B,CALGARY
T2K,Alberta,Calgary,B,CALGARY
T2L,Alberta,Calgary,B,CALGARY
T2M,Alberta,Calgary,B,CALGARY
T2N,Alberta,Calgary,B,CALGARY
T2P,Alberta,Calgary,B,CALGARY
T2R,Alberta,Calgary,B,CALGARY
T2S,Alberta,Calgary,B,CALGARY
T2T,Alberta,Calgary,B,CALGARY
T2V,Alberta,Calgary,B,CALGARY
T2W,Alberta,Calgary,B,CALGARY
T2X,Alberta,Calgary,B,CALGARY
T2Y,Alberta,Calgary,B,CALGARY
T2Z,Alberta,Calgary,B,CALGARY
T3A,Alberta,Calgary,B,CALGARY
T3B,Alberta,Calgary,B,CALGARY
T3C,Alberta,Calgary,B,CALGARY
T3E,Alberta,Calgary,B,CALGARY
T3G,Alberta,Calgary,B,CALGARY
T3H,Alberta,Calgary,B,CALGARY
T3J,Alberta,Calgary,B,CALGARY
T3K,Alberta,Calgary,B,CALGARY
T3L,Alberta,Calgary,B,CALGARY
T3M,Alberta,Calgary,B,CALGARY
T3N,Alberta,Calgary,B,CALGARY
T3P,Alberta,Calgary,B,CALGARY
T3R,Alberta,Calgary,B,CALGARY
T3S,Alberta,Calgary,B,CALGARY
T3Z,Alberta,Calgary,B,CALGARY
T4A,Alberta,Calgary,B,CALGARY
T4B,Alberta,Calgary,B,CALGARY
T4C,Alberta,Calgary,B,CALGARY
T4E,Alberta,,,
T4G,Alberta,,,
T4H,Alberta,,,
T4J,Alberta,,,
T4L,Alberta,Lacombe,D,
T4M,Alberta,,,
T4N,Alberta,Red Deer,B,
T4P,Alberta,Red Deer,B,
T4R,Alberta,Red Deer,B,
T4S,Alberta,,,
T4T,Alberta,,,
T4V,Alberta,,,
T4X,Alberta,Edmonton,B,EDMONTON
T5A,Alberta,Edmonton,B,EDMONTON
T5B,Alberta,Edmonton,B,EDMONTON
T5C,Alberta,Edmonton,B,EDMONTON
T5E,Alberta,Edmonton,B,EDMONTON
T5G,Alberta,Edmonton,B,EDMONTON
T5H,Alberta,Edmonton,B,EDMONTON
T5J,Alberta,Edmonton,B,EDMONTON
T5K,Alberta,Edmonton,B,EDMONTON
T5L,Alberta,Edmonton,B,EDMONTON
T5M,Alberta,Edmonton,B,EDMONTON
T5N,Alberta,Edmonton,B,EDMONTON
T5P,Alberta,Edmonton,B,EDMONTON
T5R,Alberta,Edmonton,B,EDMONTON
T5S,Alberta,Edmonton,B,EDMONTON
T5T,Alberta,Edmonton,B,EDMONTON
T5V,Alberta,Edmonton,B,EDMONTON
T5W,Alberta,Edmonton,B,EDMONTON
T5X,Alberta,Edmonton,B,EDMONTON
T5Y,Alberta,Edmonton,B,EDMONTON
T5Z,Alberta,Edmonton,B,EDMONTON
T6A,Alberta,Edmonton,B,EDMONTON
T6B,Alberta,Edmonton,B,EDMONTON
T6C,Alberta,Edmonton,B,EDMONTON
T6E,Alberta,Edmonton,B,EDMONTON
T6G,Alberta,Edmonton,B,EDMONTON
T6H,Alberta,Edmonton,B,EDMONTON
T6J,Alberta,Edmonton,B,EDMONTON
T6K,Alberta,Edmonton,B,EDMONTON
T6L,Alberta,Edmonton,B,EDMONTON
T6M,Alberta,Edmonton,B,EDMONTON
T6N,Alberta,Edmonton,B,EDMONTON
T6P,Alberta,Edmonton,B,EDMONTON
T6R,Alberta,Edmonton,B,EDMONTON
T6S,Alberta,Edmonton,B,EDMONTON
T6T,Alberta,Edmonton,B,EDMONTON
T6V,Alberta,Edmonton,B,EDMONTON
T6W,Alberta,Edmonton,B,EDMONTON
T6X,Alberta,Edmonton,B,EDMONTON
T6Y,Alberta,Edmonton,B,EDMONTON
T7A,Alberta,,,
T7E,Alberta,,,
T7N,Alberta,,,
T7P,Alberta,,,
T7S,Alberta,,,
T7V,Alberta,,,
T7X,Alberta,Edmonton,B,EDMONTON
T7Y,Alberta,Edmonton,B,EDMONTON
T7Z,Alberta,Edmonton,B,EDMONTON
T8A,Alberta,Edmonton,B,EDMONTON
T8B,Alberta,Edmonton,B,EDMONTON
T8C,Alberta,Edmonton,B,EDMONTON
T8E,Alberta,Edmonton,B,EDMONTON
T8G,Alberta,Edmonton,B,EDMONTON
T8H,Alberta,Edmonton,B,EDMONTON
T8L,Alberta,Edmonton,B,EDMONTON
T8N,Alberta,Edmonton,B,EDMONTON
T8R,Alberta,Edmonton,B,EDMONTON
T8S,Alberta,,,
T8T,Alberta,Edmonton,B,EDMONTON
T8V,Alberta,Grande Prairie,K,
T8W,Alberta,,,
T8X,Alberta,,,
T9A,Alberta,,,
T9C,Alberta,,,
T9E,Alberta,Edmonton,B,EDMONTON
T9G,Alberta,Edmonton,B,EDMONTON
T9H,Alberta,Wood Buffalo,K,
T9J,Alberta,Wood Buffalo,K,
T9K,Alberta,Wood Buffalo,K,
T9M,Alberta,,,
T9N,Alberta,,,
T9S,Alberta,,,
T9V,Alberta,,,
T9W,Alberta,,,
T9X,Alberta,,,
V0A,British Columbia,,,
V0B,British Columbia,Cranbrook,D,
V0C,British Columbia,,,
V0E,British Columbia,,,
V0G,British Columbia,,,
V0H,British Columbia,,,
V0J,British Columbia,,,
V0K,British Columbia,,,
V0L,British Columbia,,,
V0M,British Columbia,,,
V0N,,,,
V0P,British Columbia,,,
V0R,British Columbia,,,
V0S,British Columbia,,,
V0T,British Columbia,,,
V0V,,,,
V0W,British Columbia,,,
V0X,British Columbia,,,
V1A,British Columbia,,,
V1B,British Columbia,Vernon,D,
V1C,British Columbia,Cranbrook,D,
V1E,British Columbia,Salmon Arm,D,
V1G,British Columbia,Dawson Creek,D,
V1H,British Columbia,Vernon,D,
V1J,British Columbia,Fort St. John,D,
V1K,British Columbia,,,
V1L,British Columbia,Nelson,D,
V1M,British Columbia,Vancouver,B,GREATER_VANCOUVER
V1N,British Columbia,,,
V1P,British Columbia,Kelowna,B,
V1R,British Columbia,,,
V1S,British Columbia,Kamloops,B,
V1T,British Columbia,Vernon,D,
V1V,British Columbia,Kelowna,B,
V1W,British Columbia,Kelowna,B,
V1X,British Columbia,Kelowna,B,
V1Y,British Columbia,Kelowna,B,
V1Z,British Columbia,Kelowna,B,
V2A,British Columbia,Penticton,D,
V2B,British Columbia,Kamloops,B,
V2C,British Columbia,,,
V2E,British Columbia,Kamloops,B,
V2G,British Columbia,Williams Lake,D,
V2H,British Columbia,Kamloops,B,
V2J,British Columbia,Quesnel,D,
V2K,British Columbia,Prince George,K,
V2L,British Columbia,Prince George,K,
V2M,British Columbia,Prince George,K,
V2N,British Columbia,Prince George,K,
V2P,British Columbia,Chilliwack,B,CHILLIWACK_AND_DISTRICT
V2R,British Columbia,Chilliwack,B,CHILLIWACK_AND_DISTRICT
V2S,British Columbia,Abbotsford - Mission,B,FRASER_VALLEY
V2T,British Columbia,Abbotsford - Mission,B,FRASER_VALLEY
V2V,British Columbia,,,
V2W,British Columbia,Vancouver,B,GREATER_VANCOUVER
V2X,British Columbia,Vancouver,B,GREATER_VANCOUVER
V2Y,British Columbia,Vancouver,B,GREATER_VANCOUVER
V2Z,British Columbia,Vancouver,B,GREATER_VANCOUVER
V3A,British Columbia,Vancouver,B,GREATER_VANCOUVER
V3B,British Columbia,Vancouver,B,GREATER_VANCOUVER
V3C,British Columbia,Vancouver,B,GREATER_VANCOUVER
V3E,British Columbia,Vancouver,B,GREATER_VANCOUVER
V3G,British Columbia,Abbotsford - Mission,B,FRASER_VALLEY
V3H,British Columbia,Vancouver,B,GREATER_VANCOUVER
V3J,British Columbia,Vancouver,B,GREATER_VANCOUVER
V3K,British Columbia,Vancouver,B,GREATER_VANCOUVER
V3L,British Columbia,Vancouver,B,GREATER_VANCOUVER
V3M,British Columbia,Vancouver,B,GREATER_VANCOUVER
V3N,British Columbia,Vancouver,B,GREATER_VANCOUVER
V3R,British Columbia,Vancouver,B,GREATER_VANCOUVER
V3S,British Columbia,Vancouver,B,GREATER_VANCOUVER
V3T,British Columbia,Vancouver,B,GREATER_VANCOUVER
V3V,British Columbia,Vancouver,B,GREATER_VANCOUVER
V3W,British Columbia,Vancouver,B,GREATER_VANCOUVER
V3X,British Columbia,Vancouver,B,GREATER_VANCOUVER
V3Y,British Columbia,Vancouver,B,GREATER_VANCOUVER
V3Z,British Columbia,Vancouver,B,GREATER_VANCOUVER
V4A,British Columbia,Vancouver,B,GREATER_VANCOUVER
V4B,British Columbia,Vancouver,B,GREATER_VANCOUVER
V4C,British Columbia,Vancouver,B,GREATER_VANCOUVER
V4E,British Columbia,Vancouver,B,GREATER_VANCOUVER
V4G,British Columbia,Vancouver,B,GREATER_VANCOUVER
V4K,British Columbia,Vancouver,B,GREATER_VANCOUVER
V4L,British Columbia,Vancouver,B,GREATER_VANCOUVER
V4M,British Columbia,Vancouver,B,GREATER_VANCOUVER
V4N,British Columbia,Vancouver,B,GREATER_VANCOUVER
V4P,British Columbia,Vancouver,B,GREATER_VANCOUVER
V4R,British Columbia,Vancouver,B,GREATER_VANCOUVER
V4S,British Columbia,Abbotsford - Mission,B,FRASER_VALLEY
V4T,British Columbia,Kelowna,B,
V4V,British Columbia,Kelowna,B,
V4W,British Columbia,Vancouver,B,GREATER_VANCOUVER
V4X,British Columbia,Abbotsford - Mission,B,FRASER_VALLEY
V4Z,British Columbia,Chilliwack,B,CHILLIWACK_AND_DISTRICT
V5A,British Columbia,Vancouver,B,GREATER_VANCOUVER
V5B,British Columbia,Vancouver,B,GREATER_VANCOUVER
V5C,British Columbia,Vancouver,B,GREATER_VANCOUVER
V5E,British Columbia,Vancouver,B,GREATER_VANCOUVER
V5G,British Columbia,Vancouver,B,GREATER_VANCOUVER
V5H,British Columbia,Vancouver,B,GREATER_VANCOUVER
V5J,British Columbia,Vancouver,B,GREATER_VANCOUVER
V5K,British Columbia,Vancouver,B,GREATER_VANCOUVER
V5L,British Columbia,Vancouver,B,GREATER_VANCOUVER
V5M,British Columbia,Vancouver,B,GREATER_VANCOUVER
V5N,British Columbia,Vancouver,B,GREATER_VANCOUVER
V5P,British Columbia,Vancouver,B,GREATER_VANCOUVER
V5R,British Columbia,Vancouver,B,GREATER_VANCOUVER
V5S,British Columbia,Vancouver,B,GREATER_VANCOUVER
V5T,British Columbia,Vancouver,B,GREATER_VANCOUVER
V5V,British Columbia,Vancouver,B,GREATER_VANCOUVER
V5W,British Columbia,Vancouver,B,GREATER_VANCOUVER
V5X,British Columbia,Vancouver,B,GREATER_VANCOUVER
V5Y,British Columbia,Vancouver,B,GREATER_VANCOUVER
V5Z,British Columbia,Vancouver,B,GREATER_VANCOUVER
V6A,British Columbia,Vancouver,B,GREATER_VANCOUVER
V6B,British Columbia,Vancouver,B,GREATER_VANCOUVER
V6C,British Columbia,Vancouver,B,GREATER_VANCOUVER
V6E,British Columbia,Vancouver,B,GREATER_VANCOUVER
V6G,British Columbia,Vancouver,B,GREATER_VANCOUVER
V6H,British Columbia,Vancouver,B,GREATER_VANCOUVER
V6J,British Columbia,Vancouver,B,GREATER_VANCOUVER
V6K,British Columbia,Vancouver,B,GREATER_VANCOUVER
V6L,British Columbia,Vancouver,B,GREATER_VANCOUVER
V6M,British Columbia,Vancouver,B,GREATER_VANCOUVER
V6N,British Columbia,Vancouver,B,GREATER_VANCOUVER
V6P,British Columbia,Vancouver,B,GREATER_VANCOUVER
V6R,British Columbia,Vancouver,B,GREATER_VANCOUVER
V6S,British Columbia,Vancouver,B,GREATER_VANCOUVER
V6T,British Columbia,Vancouver,B,GREATER_VANCOUVER
V6V,British Columbia,Vancouver,B,GREATER_VANCOUVER
V6W,British Columbia,Vancouver,B,GREATER_VANCOUVER
V6X,British Columbia,Vancouver,B,GREATER_VANCOUVER
V6Y,British Columbia,Vancouver,B,GREATER_VANCOUVER
V6Z,British Columbia,Vancouver,B,GREATER_VANCOUVER
V7A,British Columbia,Vancouver,B,GREATER_VANCOUVER
V7B,British Columbia,Vancouver,B,GREATER_VANCOUVER
V7C,British Columbia,Vancouver,B,GREATER_VANCOUVER
V7E,British Columbia,Vancouver,B,GREATER_VANCOUVER
V7G,British Columbia,Vancouver,B,GREATER_VANCOUVER
V7H,British Columbia,Vancouver,B,GREATER_VANCOUVER
V7J,British Columbia,Vancouver,B,GREATER_VANCOUVER
V7K,British Columbia,Vancouver,B,GREATER_VANCOUVER
V7L,British Columbia,Vancouver,B,GREATER_VANCOUVER
V7M,British Columbia,Vancouver,B,GREATER_VANCOUVER
V7N,British Columbia,Vancouver,B,GREATER_VANCOUVER
V7P,British Columbia,Vancouver,B,GREATER_VANCOUVER
V7R,British Columbia,Vancouver,B,GREATER_VANCOUVER
V7S,British Columbia,Vancouver,B,GREATER_VANCOUVER
V7T,British Columbia,Vancouver,B,GREATER_VANCOUVER
V7V,British Columbia,Vancouver,B,GREATER_VANCOUVER
V7W,British Columbia,Vancouver,B,GREATER_VANCOUVER
V7Z,British Columbia,,,
V8A,British Columbia,Powell River,D,
V8B,British Columbia,,,
V8C,British Columbia,,,
V8E,British Columbia,,,
V8G,British Columbia,Terrace,D,
V8J,British Columbia,Prince Rupert,D,
V8K,British Columbia,,,
V8L,British Columbia,Victoria,B,VICTORIA
V8M,British Columbia,Victoria,B,VICTORIA
V8N,British Columbia,Victoria,B,VICTORIA
V8P,British Columbia,Victoria,B,VICTORIA
V8R,British Columbia,Victoria,B,VICTORIA
V8S,British Columbia,Victoria,B,VICTORIA
V8T,British Columbia,Victoria,B,VICTORIA
V8V,British Columbia,Victoria,B,VICTORIA
V8W,British Columbia,Victoria,B,VICTORIA
V8X,British Columbia,Victoria,B,VICTORIA
V8Y,British Columbia,Victoria,B,VICTORIA
V8Z,British Columbia,Victoria,B,VICTORIA
V9A,British Columbia,Victoria,B,VICTORIA
V9B,British Columbia,Victoria,B,VICTORIA
V9C,British Columbia,Victoria,B,VICTORIA
V9E,British Columbia,Victoria,B,VICTORIA
V9G,British Columbia,Ladysmith,D,
V9H,British Columbia,Campbell River,D,
V9J,British Columbia,,,
V9K,British Columbia,,,
V9L,British Columbia,Duncan,D,
V9M,British Columbia,Courtenay,D,
V9N,British Columbia,Courtenay,D,
V9P,British Columbia,,,
V9R,British Columbia,Nanaimo,B,
V9S,British Columbia,Nanaimo,B,
V9T,British Columbia,Nanaimo,B,
V9V,British Columbia,Nanaimo,B,
V9W,British Columbia,Campbell River,D,
V9X,British Columbia,Nanaimo,B,
V9Y,British Columbia,Port Alberni,D,
V9Z,British Columbia,Victoria,B,VICTORIA
X0A,Nunavut,,,
X0B,,,,
X0C,Nunavut,,,
X0E,Northwest Territories,,,
X0G,Northwest Territories,,,
X1A,Northwest Territories,,,
Y0A,Yukon,,,
Y0B,Yukon,,,
Y1A,Yukon,Whitehorse,D,
